schema_version,requested_action,catalog_key,sense_key,record_revision,catalog_status,term,lemma,part_of_speech,level,category,definition_zh,accepted_answers_zh,prompt_en,prompt_zh,phonetic_ipa,example_en,example_zh,accepted_forms_en,synonyms_en,antonyms_en,enable_en_to_zh,distractor_zh_1,distractor_zh_2,distractor_zh_3,distractor_zh_4,distractor_zh_5,distractor_zh_6,enable_zh_to_en,distractor_en_1,distractor_en_2,distractor_en_3,distractor_en_4,distractor_en_5,distractor_en_6,source_reference,contributor_ref,change_note,retirement_reason
word-catalog-v1,CREATE_DRAFT,,,,,friend,friend,noun,A1,people-family,朋友,,,,,,,,,,TRUE,堂／表兄弟姊妹,帽子,孩子,語言,護士,成人,TRUE,nurse,nephew,aunt,wife,college,hotel,,,,
word-catalog-v1,CREATE_DRAFT,,,,,boyfriend,boyfriend,noun,A1,people-family,男朋友,,,,,,,,,,TRUE,大學,女朋友,內衣,地址,叔伯或舅父,警員,TRUE,cousin,address,homework,dentist,grandchild,post office,,,,
word-catalog-v1,CREATE_DRAFT,,,,,girlfriend,girlfriend,noun,A1,people-family,女朋友,,,,,,,,,,TRUE,姓氏,學校,職位,男朋友,國家,人們,TRUE,classroom,hat,grandchild,movie theater,nephew,uncle,,,,
word-catalog-v1,CREATE_DRAFT,,,,,person,person,noun,A1,people-family,人,,,,,,,,individual,,TRUE,戲院,叔伯或舅父,成人,朋友,錢,夾克,TRUE,boyfriend,country,teacher,address,child,suit,,,,
word-catalog-v1,CREATE_DRAFT,,,,,people,people,noun,A1,people-family,人們,,,,,,,,persons,,TRUE,丈夫,德國,博物館,妻子,銀包,孩子,TRUE,last name,Europe,suit,adult,Canada,husband,,,,
word-catalog-v1,CREATE_DRAFT,,,,,adult,adult,noun,A1,people-family,成人,,,,,,,,grown-up,,TRUE,人,牙醫,銀包,班別,姪女或外甥女,姨母或姑母,TRUE,people,driver,jacket,bench,uncle,husband,,,,
word-catalog-v1,CREATE_DRAFT,,,,,parent,parent,noun,A1,people-family,父親或母親,家長,,,,,,,,,TRUE,毛衣,堂／表兄弟姊妹,亞洲,孫輩,人們,意大利,TRUE,history,cousin,tie,wife,job,nephew,,,,
word-catalog-v1,CREATE_DRAFT,,,,,wife,wife,noun,A1,people-family,妻子,,,,,,,,,,TRUE,睡衣,男朋友,丈夫,科學,地址,侍應,TRUE,hospital,police officer,friend,niece,child,Asia,,,,
word-catalog-v1,CREATE_DRAFT,,,,,husband,husband,noun,A1,people-family,丈夫,,,,,,,,,,TRUE,朋友,靴子,郵局,地址,叔伯或舅父,美國,TRUE,science,grandchild,uncle,parent,engineer,jeans,,,,
word-catalog-v1,CREATE_DRAFT,,,,,child,child,noun,A1,people-family,孩子,,,,,,,,,,TRUE,女朋友,姪子或外甥,成人,英國,加拿大,夾克,TRUE,France,wife,Spain,people,jeans,parent,,,,
word-catalog-v1,CREATE_DRAFT,,,,,grandchild,grandchild,noun,A1,people-family,孫輩,孫兒|孫女|外孫|外孫女,,,,,,,,,TRUE,朋友,人,歐洲,司機,牛仔褲,丈夫,TRUE,restaurant,swimsuit,last name,university,adult,person,,,,
word-catalog-v1,CREATE_DRAFT,,,,,aunt,aunt,noun,A1,people-family,姨母或姑母,阿姨|姨姨|姨媽|姑媽|伯母|嬸嬸|舅母,,,,,,,,,TRUE,大專院校,工程師,姪女或外甥女,靴子,父親或母親,姓氏,TRUE,people,school,boot,waiter,person,niece,,,,
word-catalog-v1,CREATE_DRAFT,,,,,uncle,uncle,noun,A1,people-family,叔伯或舅父,伯伯|伯父|叔父|舅父|姑丈|姨丈,,,,,,,,,TRUE,父親或母親,姓氏,工作,孫輩,功課,警方,TRUE,niece,class,child,money,purse,friend,,,,
word-catalog-v1,CREATE_DRAFT,,,,,niece,niece,noun,A1,people-family,姪女或外甥女,姪女|外甥女,,,,,,,,,TRUE,歷史,醫院,姪子或外甥,西裝,妻子,堂／表兄弟姊妹,TRUE,map,police,address,aunt,work,cousin,,,,
word-catalog-v1,CREATE_DRAFT,,,,,nephew,nephew,noun,A1,people-family,姪子或外甥,姪子|外甥,,,,,,,,,TRUE,姪女或外甥女,酒店,課室,男朋友,姨母或姑母,長凳,TRUE,husband,girlfriend,museum,student,sweater,last name,,,,
word-catalog-v1,CREATE_DRAFT,,,,,cousin,cousin,noun,A1,people-family,堂／表兄弟姊妹,堂兄|堂弟|堂姊|堂妹|表兄|表弟|表姊|表妹,,,,,,,,,TRUE,姪子或外甥,銀行,姨母或姑母,工作（不可數）,父親或母親,毛衣,TRUE,friend,doctor,bank,aunt,pajamas,adult,,,,
word-catalog-v1,CREATE_DRAFT,,,,,dark,dark,adjective,A1,descriptions-qualities,深色的,,,,,,,,,,TRUE,年輕的,便宜,不同的,淺色的,口渴的,多雲的,TRUE,cloudy,young,different,smart,thirsty,correct,,,,
word-catalog-v1,CREATE_DRAFT,,,,,light,light,adjective,A1,descriptions-qualities,淺色的,顏色較淺的,,,,The walls are light blue.,牆壁是淺藍色的。,,,dark,TRUE,矮,生氣的,舊的,錯誤的,美麗的,肚餓的,TRUE,clean,fine,old,young,angry,ugly,,,,
word-catalog-v1,CREATE_DRAFT,,,,,season,season,noun,A1,time-calendar,季節,,,,,,,,,,TRUE,一半,青瓜,出生日期,日期,週末,答案,TRUE,weekend,date,half,date of birth,hat,soup,,,,
word-catalog-v1,CREATE_DRAFT,,,,,date,date,noun,A1,time-calendar,日期,日子,,,,Please write the date at the top.,請在上方寫上日期。,,,,TRUE,季節,出生日期,冰,週末,薄餅,一半,TRUE,season,half,weekend,date of birth,driver,lemon,,,,
word-catalog-v1,CREATE_DRAFT,,,,,weekend,weekend,noun,A1,time-calendar,週末,,,,,,,,,,TRUE,車站,出生日期,日期,一半,季節,爐子,TRUE,date,half,ticket,weather,season,date of birth,,,,
word-catalog-v1,CREATE_DRAFT,,,,,next,next,adjective,A1,time-calendar,下一個的,接下來的,,,,,,,,,TRUE,德國的,準備好了,單身的,已婚的,美麗的,西班牙的,TRUE,single,light,German,Spanish,sure,married,,,,
word-catalog-v1,CREATE_DRAFT,,,,,half,half,noun,A1,numbers-quantity,一半,,,,,,,,,,TRUE,季節,課室,學生,學校,週末,日期,TRUE,weekend,season,class,university,date,homework,,,,
word-catalog-v1,CREATE_DRAFT,,,,,last name,last name,noun,A1,people-family,姓氏,姓,,,,,,,surname|family name,,TRUE,女朋友,人們,學生,人,老師,領帶,TRUE,underwear,girlfriend,supermarket,parent,language,boyfriend,,,,
word-catalog-v1,CREATE_DRAFT,,,,,address,address,noun,A1,people-family,地址,,,,,,,,,,TRUE,妻子,孫輩,地圖,泳衣,醫生,孩子,TRUE,person,boyfriend,girlfriend,Germany,sweater,Africa,,,,
word-catalog-v1,CREATE_DRAFT,,,,,date of birth,date of birth,noun,A1,time-calendar,出生日期,,,,,,,birth date|birthdate,,,TRUE,工程師,季節,牛仔褲,週末,一半,日期,TRUE,half,police officer,train station,season,date,weekend,,,,
word-catalog-v1,CREATE_DRAFT,,,,,single,single,adjective,A1,people-family,單身的,單身,,,,He is single and lives with his family.,他是單身，與家人同住。,,,,TRUE,英國的,法國的,髒的,困難的,已婚的,高的,TRUE,married,French,high,American,African,ready,,,,
word-catalog-v1,CREATE_DRAFT,,,,,married,married,adjective,A1,people-family,已婚的,,,,,The married couple live near the school.,這對已婚夫婦住在學校附近。,,,,TRUE,亞洲的,歐洲的,單身的,準備好了,矮,假的,TRUE,young,European,Canadian,single,different,difficult,,,,
word-catalog-v1,CREATE_DRAFT,,,,,passport,passport,noun,A1,travel-transport,護照,,,,,,,,,,TRUE,警方,海灘,客貨車,電單車,鋼琴,的士,TRUE,truck,van,volleyball,airplane,supermarket,nature,,,,
word-catalog-v1,CREATE_DRAFT,,,,,question,question,noun,A1,communication-language,問題,,,,,,,,,,TRUE,課室,演員,電影,孩子,姨母或姑母,答案,TRUE,history,last name,answer,adult,movie,classroom,,,,
word-catalog-v1,CREATE_DRAFT,,,,,answer,answer,noun,A1,communication-language,答案,,,,,,,,,,TRUE,地址,雜誌,人們,學校,報紙,問題,TRUE,science,question,actor,college,uncle,husband,,,,
word-catalog-v1,CREATE_DRAFT,,,,,knee,knee,noun,A1,body-health,膝蓋,,,,,,,,,,TRUE,遠足,脖子,下巴,洋葱,午餐,胃部,TRUE,video game,stomach,jam,chin,dinner,lip,,,,
word-catalog-v1,CREATE_DRAFT,,,,,back,back,noun,A1,body-health,背部,背,,,,My back hurts after carrying the bag.,我背着書包後背部疼痛。,,,,TRUE,膝蓋,餐,下巴,吉他,嘴唇,胡椒,TRUE,knee,sport,neck,chin,meat,meal,,,,
word-catalog-v1,CREATE_DRAFT,,,,,stomach,stomach,noun,A1,body-health,胃部,胃,,,,,,,,,TRUE,網球,肉,臉頰,膝蓋,嘴唇,薯仔,TRUE,chin,cheek,bicycle,salad,neck,pepper,,,,
word-catalog-v1,CREATE_DRAFT,,,,,neck,neck,noun,A1,body-health,脖子,,,,,,,,,,TRUE,臉頰,食物,興趣,背部,嘴唇,牛油,TRUE,chin,cream,lip,piano,stomach,peach,,,,
word-catalog-v1,CREATE_DRAFT,,,,,cheek,cheek,noun,A1,body-health,臉頰,,,,,,,,,,TRUE,葡萄,果汁,膝蓋,胃部,背部,單車,TRUE,stomach,sugar,butter,neck,back,guitar,,,,
word-catalog-v1,CREATE_DRAFT,,,,,chin,chin,noun,A1,body-health,下巴,,,,,,,,,,TRUE,蜂蜜,脖子,糖,胃部,背部,排球,TRUE,pizza,knee,hobby,cheek,lip,potato,,,,
word-catalog-v1,CREATE_DRAFT,,,,,lip,lip,noun,A1,body-health,嘴唇,,,,,,,,,,TRUE,芝士,脖子,下巴,桃子,電子遊戲,臉頰,TRUE,cheek,knee,neck,food,violin,carrot,,,,
word-catalog-v1,CREATE_DRAFT,,,,,high,high,adjective,A1,descriptions-qualities,高,,,,,We could see a high mountain ahead.,我們看見前方有一座很高的山。,,,low,TRUE,髒的,快樂,身體良好的,難看的,高的,營業中的,TRUE,sure,angry,light,fine,false,snowy,,,,
word-catalog-v1,CREATE_DRAFT,,,,,low,low,adjective,A1,descriptions-qualities,低,,,,,,,,,high,TRUE,錯誤的,高,重的,多雲的,悲傷的,年輕的,TRUE,old,sad,true,snowy,tall,same,,,,
word-catalog-v1,CREATE_DRAFT,,,,,heavy,heavy,adjective,A1,descriptions-qualities,重的,,,,,,,,,light,TRUE,瘦的,舊的,快樂,真實的,口渴的,假的,TRUE,rich,short,angry,false,hungry,cheap,,,,
word-catalog-v1,CREATE_DRAFT,,,,,light,light,adjective,A1,descriptions-qualities,輕的,重量輕的,,,,This bag is light enough to carry.,這個袋很輕，容易攜帶。,,,heavy,TRUE,下雪的,貧窮的,陽光明媚的,美麗的,年輕的,營業中的,TRUE,rich,cheap,hungry,short,excited,heavy,,,,
word-catalog-v1,CREATE_DRAFT,,,,,expensive,expensive,adjective,A1,descriptions-qualities,昂貴的,,,,,,,,,cheap,TRUE,錯誤的,身體良好的,興奮的,瘦的,假的,低,TRUE,thin,difficult,light,open,angry,thirsty,,,,
word-catalog-v1,CREATE_DRAFT,,,,,cheap,cheap,adjective,A1,descriptions-qualities,便宜,,,,,,,,,expensive,TRUE,高,輕的,興奮的,年輕的,貧窮的,多雲的,TRUE,rainy,ugly,fine,angry,beautiful,low,,,,
word-catalog-v1,CREATE_DRAFT,,,,,old,old,adjective,A1,descriptions-qualities,舊的,,,,,We replaced the old computer.,我們更換了舊電腦。,,,new,TRUE,瘦的,下雨的,悲傷的,深色的,淺色的,關閉的,TRUE,cloudy,short,same,true,sad,heavy,,,,
word-catalog-v1,CREATE_DRAFT,,,,,beautiful,beautiful,adjective,A1,descriptions-qualities,美麗的,,,,,,,,pretty,ugly,TRUE,肚餓的,關閉的,真實的,矮,確信的,生氣的,TRUE,young,different,poor,expensive,excited,sunny,,,,
word-catalog-v1,CREATE_DRAFT,,,,,ugly,ugly,adjective,A1,descriptions-qualities,難看的,不好看的,,,,They replaced the ugly old building.,他們重建了那座難看的舊建築物。,,,beautiful,TRUE,高,矮,下雪的,深色的,困難的,肚餓的,TRUE,happy,false,wrong,ready,thin,sunny,,,,
word-catalog-v1,CREATE_DRAFT,,,,,clean,clean,adjective,A1,descriptions-qualities,乾淨的,,,,,The students keep their classroom clean.,學生保持課室整潔。,,,dirty,TRUE,相同的,髒的,聰明的,瘦的,身體良好的,下雨的,TRUE,cloudy,correct,sad,light,rainy,dirty,,,,
word-catalog-v1,CREATE_DRAFT,,,,,dirty,dirty,adjective,A1,descriptions-qualities,髒的,,,,,,,,,clean,TRUE,重的,貧窮的,相同的,高的,下雨的,生氣的,TRUE,thin,thirsty,cloudy,open,right,rich,,,,
word-catalog-v1,CREATE_DRAFT,,,,,difficult,difficult,adjective,A1,descriptions-qualities,困難的,,,,,,,,hard,easy,TRUE,不同的,下雪的,確信的,生氣的,口渴的,乾淨的,TRUE,tall,different,expensive,sunny,beautiful,happy,,,,
word-catalog-v1,CREATE_DRAFT,,,,,different,different,adjective,A1,descriptions-qualities,不同的,,,,,,,,,same,TRUE,真實的,聰明的,多雲的,貧窮的,年老的,口渴的,TRUE,difficult,low,thirsty,sunny,beautiful,thin,,,,
word-catalog-v1,CREATE_DRAFT,,,,,same,same,adjective,A1,descriptions-qualities,相同的,,,,,,,,,different,TRUE,困難的,肚餓的,正確的,悲傷的,關閉的,矮,TRUE,thirsty,thin,true,rich,sad,open,,,,
word-catalog-v1,CREATE_DRAFT,,,,,right,right,adjective,A1,descriptions-qualities,正確的,對的,,,,You chose the right answer.,你選了正確答案。,,correct,wrong|incorrect,TRUE,年老的,舊的,多雲的,輕的,富有的,快樂,TRUE,happy,difficult,sunny,dirty,hungry,smart,,,,
word-catalog-v1,CREATE_DRAFT,,,,,wrong,wrong,adjective,A1,descriptions-qualities,錯誤的,,,,,,,,,right,TRUE,高的,下雨的,身體良好的,淺色的,富有的,低,TRUE,happy,poor,clean,short,dirty,fine,,,,
word-catalog-v1,CREATE_DRAFT,,,,,open,open,adjective,A1,descriptions-qualities,營業中的,正在營業的,,,,The shop is open until six.,商店營業至六時。,,,closed,TRUE,生氣的,昂貴的,相同的,準備好了,陽光明媚的,下雪的,TRUE,cheap,angry,low,snowy,wrong,thirsty,,,,
word-catalog-v1,CREATE_DRAFT,,,,,closed,closed,adjective,A1,descriptions-qualities,關閉的,,,,,,,,shut,open,TRUE,正確的,昂貴的,陽光明媚的,難看的,高的,悲傷的,TRUE,low,hungry,smart,tall,excited,heavy,,,,
word-catalog-v1,CREATE_DRAFT,,,,,true,true,adjective,A1,descriptions-qualities,真實的,,,,,,,,,false,TRUE,美麗的,聰明的,陽光明媚的,興奮的,難看的,年老的,TRUE,closed,dark,fine,tall,cloudy,high,,,,
word-catalog-v1,CREATE_DRAFT,,,,,false,false,adjective,A1,descriptions-qualities,假的,,,,,,,,,true,TRUE,昂貴的,悲傷的,口渴的,年老的,輕的,便宜,TRUE,young,sad,heavy,smart,same,rainy,,,,
word-catalog-v1,CREATE_DRAFT,,,,,rich,rich,adjective,A1,descriptions-qualities,富有的,,,,,,,,wealthy,poor,TRUE,準備好了,年老的,重的,乾淨的,快樂,下雨的,TRUE,old,correct,rainy,excited,poor,tall,,,,
word-catalog-v1,CREATE_DRAFT,,,,,poor,poor,adjective,A1,descriptions-qualities,貧窮的,貧困的,,,,,,,,rich,TRUE,不同的,口渴的,陽光明媚的,年老的,困難的,聰明的,TRUE,snowy,wrong,true,happy,tall,sure,,,,
word-catalog-v1,CREATE_DRAFT,,,,,sure,sure,adjective,A1,descriptions-qualities,確信的,,,,,,,,certain,unsure,TRUE,瘦的,準備好了,多雲的,假的,矮,低,TRUE,thin,hungry,dark,rainy,ugly,high,,,,
word-catalog-v1,CREATE_DRAFT,,,,,correct,correct,adjective,A1,descriptions-qualities,正確的,,,,,,,,right,incorrect,TRUE,肚餓的,富有的,真實的,乾淨的,興奮的,下雪的,TRUE,young,excited,ready,fine,clean,closed,,,,
word-catalog-v1,CREATE_DRAFT,,,,,building,building,noun,A1,home-household,建築物,,,,,,,,,,TRUE,酒店,天花板,睡衣,胡蘿蔔,櫥櫃,飯廳,TRUE,fruit,butter,cabinet,the United States,stove,dish,,,,
word-catalog-v1,CREATE_DRAFT,,,,,apartment,apartment,noun,A1,home-household,公寓,,,,,,,,flat,,TRUE,非洲,碟,升降機,白飯,檸檬,院子,TRUE,building,elevator,closet,chocolate milk,bench,sandwich,,,,
word-catalog-v1,CREATE_DRAFT,,,,,floor,floor,noun,A1,home-household,樓層,,,,,Our classroom is on the third floor.,我們的課室在三樓。,,,,TRUE,爐子,雪糕,牙刷,湯,西班牙,部分,TRUE,ceiling,sugar,yard,trash can,Italy,cream,,,,
word-catalog-v1,CREATE_DRAFT,,,,,roof,roof,noun,A1,home-household,屋頂,,,,,,,,,,TRUE,餐,樓層,天花板,公寓,毛衣,沙律,TRUE,tie,rice,bank,yard,part,stove,,,,
word-catalog-v1,CREATE_DRAFT,,,,,ceiling,ceiling,noun,A1,home-household,天花板,,,,,,,,,,TRUE,靴子,院子,櫥櫃,牙刷,早餐,地圖,TRUE,cucumber,apartment,roof,honey,elevator,Spain,,,,
word-catalog-v1,CREATE_DRAFT,,,,,dining room,dining room,noun,A1,home-household,飯廳,餐廳,,,,,,,,,TRUE,屋頂,帽子,長凳,部分,院子,魚肉,TRUE,toothbrush,breakfast,building,refrigerator,hat,supermarket,,,,
word-catalog-v1,CREATE_DRAFT,,,,,upstairs,upstairs,adverb,A1,home-household,樓上,,,,,,,,,downstairs,TRUE,向右,通常,樓下,再次,總是,很快,TRUE,soon,usually,really,again,downstairs,far,,,,
word-catalog-v1,CREATE_DRAFT,,,,,downstairs,downstairs,adverb,A1,home-household,樓下,,,,,,,,,upstairs,TRUE,經常,樓上,有時,當然,真的,從不,TRUE,often,never,of course,always,sometimes,upstairs,,,,
word-catalog-v1,CREATE_DRAFT,,,,,closet,closet,noun,A1,home-household,壁櫥,衣櫃,,,,,,,,,TRUE,郵局,公寓,建築物,牛仔褲,青瓜,碟,TRUE,hotel,toothbrush,cheese,refrigerator,floor,peach,,,,
word-catalog-v1,CREATE_DRAFT,,,,,part,part,noun,A1,home-household,部分,,,,,,,,,,TRUE,領帶,晚餐,壁櫥,國家,冰箱,屋頂,TRUE,dish,suit,police,toothbrush,roof,fish,,,,
word-catalog-v1,CREATE_DRAFT,,,,,elevator,elevator,noun,A1,home-household,升降機,電梯,,,,,,,lift,,TRUE,果醬,三文治,碟,垃圾桶,內衣,建築物,TRUE,stove,pajamas,orange,floor,movie theater,dining room,,,,
word-catalog-v1,CREATE_DRAFT,,,,,yard,yard,noun,A1,home-household,院子,,,,,,,,,,TRUE,樓層,垃圾桶,蔬菜,美國,公寓,食物,TRUE,Asia,boot,part,cabinet,meat,roof,,,,
word-catalog-v1,CREATE_DRAFT,,,,,cabinet,cabinet,noun,A1,home-household,櫥櫃,,,,,,,,,,TRUE,建築物,牛油,壁櫥,洋葱,天花板,超市,TRUE,swimsuit,yard,apartment,jeans,salt,dish,,,,
word-catalog-v1,CREATE_DRAFT,,,,,refrigerator,refrigerator,noun,A1,home-household,冰箱,,,,,,,,fridge,,TRUE,升降機,葡萄,爐子,部分,銀包,番茄,TRUE,dinner,underwear,trash can,post office,dining room,ceiling,,,,
word-catalog-v1,CREATE_DRAFT,,,,,stove,stove,noun,A1,home-household,爐子,,,,,,,,,,TRUE,肉,飯廳,餐廳,櫥櫃,德國,桃子,TRUE,juice,jacket,country,apartment,closet,ceiling,,,,
word-catalog-v1,CREATE_DRAFT,,,,,money,money,noun,A1,work-business,錢,,,,,,,,,,TRUE,法國,學生,職位,工作（不可數）,警員,姪子或外甥,TRUE,Spain,waiter,doctor,job,wife,university,,,,
word-catalog-v1,CREATE_DRAFT,,,,,job,job,noun,A1,work-business,職位,一份工作,,,,He found a paid job near his home.,他在住所附近找到一份受薪職位。,,occupation,,TRUE,醫院,男朋友,工程師,司機,問題,侍應,TRUE,map,driver,teacher,school,nurse,husband,,,,
word-catalog-v1,CREATE_DRAFT,,,,,work,work,noun,A1,work-business,工作（不可數）,就業|工作,,,,She is looking for work this summer.,她今年暑假正在找工作。,,employment|job,,TRUE,牙醫,大專院校,司機,博物館,堂／表兄弟姊妹,侍應,TRUE,history,adult,Italy,money,nurse,engineer,,,,
word-catalog-v1,CREATE_DRAFT,,,,,doctor,doctor,noun,A1,work-business,醫生,,,,,,,,,,TRUE,銀行,功課,工作,孫輩,護士,老師,TRUE,niece,teacher,homework,dentist,answer,work,,,,
word-catalog-v1,CREATE_DRAFT,,,,,dentist,dentist,noun,A1,work-business,牙醫,,,,,,,,,,TRUE,大學,護士,非洲,警員,叔伯或舅父,錢,TRUE,driver,nurse,police,police officer,language,people,,,,
word-catalog-v1,CREATE_DRAFT,,,,,nurse,nurse,noun,A1,work-business,護士,,,,,,,,,,TRUE,郵局,職位,工作（不可數）,朋友,姪女或外甥女,老師,TRUE,money,hotel,child,class,teacher,doctor,,,,
word-catalog-v1,CREATE_DRAFT,,,,,teacher,teacher,noun,A1,work-business,老師,,,,,,,,,,TRUE,工程師,歷史,孩子,戲院,錢,侍應,TRUE,museum,driver,classroom,dentist,police officer,cousin,,,,
word-catalog-v1,CREATE_DRAFT,,,,,engineer,engineer,noun,A1,work-business,工程師,,,,,,,,,,TRUE,國家,老師,科學,工作（不可數）,工作,妻子,TRUE,last name,post office,girlfriend,police officer,work,dentist,,,,
word-catalog-v1,CREATE_DRAFT,,,,,actor,actor,noun,A1,arts-culture-media,演員,,,,,,,,,,TRUE,電影,問題,報紙,雜誌,運動,歷史,TRUE,tennis,newspaper,movie,magazine,science,question,,,,
word-catalog-v1,CREATE_DRAFT,,,,,police officer,police officer,noun,A1,work-business,警員,警察,,,,,,,,,TRUE,班別,長凳,姓氏,醫生,牙醫,護士,TRUE,boyfriend,waiter,money,grandchild,doctor,movie theater,,,,
word-catalog-v1,CREATE_DRAFT,,,,,waiter,waiter,noun,A1,work-business,侍應,服務員,,,,,,,,,TRUE,語言,職位,警方,牙醫,人,醫生,TRUE,dentist,job,parent,Germany,college,work,,,,
word-catalog-v1,CREATE_DRAFT,,,,,driver,driver,noun,A1,work-business,司機,,,,,,,,,,TRUE,答案,警員,丈夫,醫生,錢,超市,TRUE,engineer,job,question,student,person,waiter,,,,
word-catalog-v1,CREATE_DRAFT,,,,,jacket,jacket,noun,A1,clothing-appearance,夾克,,,,,,,,,,TRUE,壁櫥,姪子或外甥,孫輩,帽子,領帶,泳衣,TRUE,nephew,people,suit,building,sweater,hat,,,,
word-catalog-v1,CREATE_DRAFT,,,,,jeans,jeans,noun,A1,clothing-appearance,牛仔褲,牛仔布褲子,,,,,,,,,TRUE,毛衣,女朋友,垃圾桶,櫥櫃,夾克,睡衣,TRUE,wife,tie,boot,cousin,yard,purse,,,,
word-catalog-v1,CREATE_DRAFT,,,,,sweater,sweater,noun,A1,clothing-appearance,毛衣,,,,,,,,,,TRUE,地址,夾克,男朋友,睡衣,西裝,公寓,TRUE,pajamas,jeans,closet,last name,adult,purse,,,,
word-catalog-v1,CREATE_DRAFT,,,,,suit,suit,noun,A1,clothing-appearance,西裝,,,,,,,,,,TRUE,靴子,銀包,建築物,成人,孩子,泳衣,TRUE,swimsuit,dish,jacket,pajamas,husband,floor,,,,
word-catalog-v1,CREATE_DRAFT,,,,,tie,tie,noun,A1,clothing-appearance,領帶,,,,,,,,,,TRUE,叔伯或舅父,升降機,毛衣,內衣,帽子,人們,TRUE,nephew,underwear,refrigerator,ceiling,jeans,hat,,,,
word-catalog-v1,CREATE_DRAFT,,,,,hat,hat,noun,A1,clothing-appearance,帽子,,,,,,,,,,TRUE,姪女或外甥女,飯廳,堂／表兄弟姊妹,西裝,靴子,睡衣,TRUE,purse,child,boot,tie,uncle,stove,,,,
word-catalog-v1,CREATE_DRAFT,,,,,purse,purse,noun,A1,clothing-appearance,銀包,錢包,,,,She keeps the coins in a small purse.,她把硬幣放在一個小銀包裏。,,,,TRUE,部分,女朋友,領帶,毛衣,靴子,院子,TRUE,hat,underwear,aunt,niece,roof,jeans,,,,
word-catalog-v1,CREATE_DRAFT,,,,,boot,boot,noun,A1,clothing-appearance,靴子,,,,,,,,,,TRUE,天花板,妻子,牛仔褲,睡衣,夾克,人,TRUE,person,parent,part,underwear,jacket,tie,,,,
word-catalog-v1,CREATE_DRAFT,,,,,pajamas,pajamas,noun,A1,clothing-appearance,睡衣,,,,,,,pyjamas,,,TRUE,父親或母親,牙刷,銀包,內衣,領帶,姨母或姑母,TRUE,sweater,suit,grandchild,cabinet,swimsuit,girlfriend,,,,
word-catalog-v1,CREATE_DRAFT,,,,,underwear,underwear,noun,A1,clothing-appearance,內衣,,,,,,,,,,TRUE,帽子,牛仔褲,姓氏,丈夫,碟,泳衣,TRUE,apartment,trash can,boot,swimsuit,friend,pajamas,,,,
word-catalog-v1,CREATE_DRAFT,,,,,swimsuit,swimsuit,noun,A1,clothing-appearance,泳衣,,,,,,,,,,TRUE,冰箱,銀包,內衣,西裝,屋頂,朋友,TRUE,elevator,sweater,jacket,address,boyfriend,suit,,,,
word-catalog-v1,CREATE_DRAFT,,,,,animal,animal,noun,A1,animals-plants,動物,,,,,,,,,,TRUE,森林,雞（動物）,大象,長凳,羊,芝士,TRUE,snake,chicken,forest,elephant,tomato,country,,,,
word-catalog-v1,CREATE_DRAFT,,,,,sheep,sheep,noun,A1,animals-plants,羊,,,,,,,,,,TRUE,蛇,胡椒,冰,獅子,老鼠,橙,TRUE,bench,lunch,beach,lion,chicken,mouse,,,,
word-catalog-v1,CREATE_DRAFT,,,,,lion,lion,noun,A1,animals-plants,獅子,,,,,,,,,,TRUE,雞（動物）,國家,動物,魚肉,魚（動物）,鹽,TRUE,elephant,snake,rice,soup,fire,fish,,,,
word-catalog-v1,CREATE_DRAFT,,,,,mouse,mouse,noun,A1,animals-plants,老鼠,鼠,,,,A mouse ran across the kitchen floor.,一隻老鼠跑過廚房地板。,,,,TRUE,忌廉,獅子,魚（動物）,大象,島,超市,TRUE,animal,sheep,fruit,museum,fish,ice,,,,
word-catalog-v1,CREATE_DRAFT,,,,,snake,snake,noun,A1,animals-plants,蛇,,,,,,,,,,TRUE,河流,餐,動物,魚（動物）,雞肉,羊,TRUE,chicken,animal,onion,island,jam,sheep,,,,
word-catalog-v1,CREATE_DRAFT,,,,,fish,fish,noun,A1,animals-plants,魚（動物）,魚,,,,A small fish swam under the boat.,一條小魚游到船下。,,,,TRUE,博物館,海灘,蛇,雞（動物）,動物,檸檬,TRUE,sheep,nature,lemon,lion,mouse,Canada,,,,
word-catalog-v1,CREATE_DRAFT,,,,,elephant,elephant,noun,A1,animals-plants,大象,,,,,,,,,,TRUE,地圖,魚（動物）,火,白飯,羊,老鼠,TRUE,animal,chocolate milk,sandwich,mouse,hospital,lion,,,,
word-catalog-v1,CREATE_DRAFT,,,,,chicken,chicken,noun,A1,animals-plants,雞（動物）,雞,,,,The chicken is walking around the farm.,那隻雞正在農場四處走。,,,,TRUE,朱古力奶,蔬菜,老鼠,自然,蛇,大象,TRUE,grape,carrot,elephant,mountain,snake,fish,,,,
word-catalog-v1,CREATE_DRAFT,,,,,wake up,wake up,phrasal_verb,A1,actions-events,醒來,,,,,,,,,,TRUE,收到,旅行,打電話,稱呼,交談,來,TRUE,start,listen,introduce,finish,write,sleep,,,,
word-catalog-v1,CREATE_DRAFT,,,,,sleep,sleep,verb,A1,actions-events,睡覺,,,,,Teenagers need enough time to sleep.,青少年需要足夠睡眠時間。,,,,TRUE,稱呼,聽到,給,放,喜歡,停止,TRUE,write,wake up,get,do,study,introduce,,,,
word-catalog-v1,CREATE_DRAFT,,,,,work,work,verb,A1,actions-events,工作,,,,,My aunt works in a hospital.,我的姨姨在醫院工作。,,,,TRUE,知道,跌倒,帶來,討厭,感覺,學會,TRUE,feel,fly,come,add,see,wash,,,,
word-catalog-v1,CREATE_DRAFT,,,,,drive,drive,verb,A1,actions-events,駕駛,,,,,,,,,,TRUE,轉,想要,教,清潔,觀看,聽到,TRUE,prepare,have,fall,stand,like,jump,,,,
word-catalog-v1,CREATE_DRAFT,,,,,buy,buy,verb,A1,actions-events,買,,,,,,,,purchase,sell,TRUE,準備,教,寫,拿,吃,洗,TRUE,add,feel,have,fly,touch,let,,,,
word-catalog-v1,CREATE_DRAFT,,,,,sell,sell,verb,A1,actions-events,賣,,,,,,,,,buy,TRUE,來,玩,駕駛,坐,愛,休息,TRUE,study,jump,hear,read,clean,write,,,,
word-catalog-v1,CREATE_DRAFT,,,,,read,read,verb,A1,actions-events,讀,,,,,We read a short story in class.,我們在課堂上閱讀一篇短篇故事。,,,,TRUE,喝,找到,買,賣,愛,轉,TRUE,stop,walk,wash,play,help,fill,,,,
word-catalog-v1,CREATE_DRAFT,,,,,write,write,verb,A1,actions-events,寫,,,,,Please write your answer clearly.,請清楚寫下答案。,,,,TRUE,讀,旅行,給,知道,洗,吃,TRUE,learn,plan,stand,close,drink,bring,,,,
word-catalog-v1,CREATE_DRAFT,,,,,play,play,verb,A1,actions-events,玩,,,,,The students play football after school.,學生放學後踢足球。,,,,TRUE,醒來,游泳（動作）,洗,游泳,拿,買,TRUE,pay,drive,get,choose,eat,do,,,,
word-catalog-v1,CREATE_DRAFT,,,,,pay,pay,verb,A1,actions-events,支付,,,,,,,,,,TRUE,做,放,需要,計劃,愛,拿,TRUE,put,bring,help,drink,close,hate,,,,
word-catalog-v1,CREATE_DRAFT,,,,,rest,rest,verb,A1,actions-events,休息,,,,,,,,,,TRUE,工作,幫助,吃,支付,跑,讀,TRUE,plan,play,walk,watch,make,feel,,,,
word-catalog-v1,CREATE_DRAFT,,,,,wash,wash,verb,A1,actions-events,洗,,,,,,,,,,TRUE,跳,製作,讓,打電話,走,說某種語言,TRUE,put,teach,want,do,sleep,see,,,,
word-catalog-v1,CREATE_DRAFT,,,,,drink,drink,verb,A1,actions-events,喝,,,,,Drink some water after exercise.,運動後要喝水。,,,,TRUE,跑,賣,跳,轉,做,建造,TRUE,study,open,wake up,clean,build,pay,,,,
word-catalog-v1,CREATE_DRAFT,,,,,cook,cook,verb,A1,actions-events,烹飪,,,,,,,,,,TRUE,分享,清潔,學會,喝,望向,準備,TRUE,help,hear,come,hate,pay,want,,,,
word-catalog-v1,CREATE_DRAFT,,,,,eat,eat,verb,A1,actions-events,吃,,,,,We eat lunch at school.,我們在學校吃午餐。,,,,TRUE,放,幫助,說某種語言,給,看見,切,TRUE,add,rest,put,go,buy,fill,,,,
word-catalog-v1,CREATE_DRAFT,,,,,have,have,verb,A1,actions-events,有,擁有,,,,Each student has a school bag.,每位學生都有一個書包。,,,,TRUE,買,做,愛,完成,寫,讓,TRUE,travel,run,sleep,finish,call,love,,,,
word-catalog-v1,CREATE_DRAFT,,,,,make,make,verb,A1,actions-events,製作,,,,,We made sandwiches for lunch.,我們製作三文治作午餐。,,,,TRUE,喜歡,想要,分享,關閉,站立,準備,TRUE,open,wake up,travel,clean,introduce,let,,,,
word-catalog-v1,CREATE_DRAFT,,,,,wear,wear,verb,A1,actions-events,穿,,,,,,,,,,TRUE,去,介紹,聽,做,填滿,拿,TRUE,find,stop,drive,talk,walk,need,,,,
word-catalog-v1,CREATE_DRAFT,,,,,clean,clean,verb,A1,actions-events,清潔,,,,,We clean the classroom after school.,我們放學後清潔課室。,,,dirty,TRUE,製作,支付,停止,學會,分享,旅行,TRUE,share,need,start,wash,study,teach,,,,
word-catalog-v1,CREATE_DRAFT,,,,,think,think,verb,A1,actions-events,認為,,,,,,,,,,TRUE,分享,站立,添加,帶來,望向,學會,TRUE,turn,speak,bring,close,touch,build,,,,
word-catalog-v1,CREATE_DRAFT,,,,,take,take,verb,A1,actions-events,拿,,,,,She took a book from the shelf.,她從書架拿了一本書。,,,,TRUE,休息,來,有,走,取得,坐,TRUE,plan,play,turn,make,talk,hear,,,,
word-catalog-v1,CREATE_DRAFT,,,,,stand,stand,verb,A1,actions-events,站立,,,,,,,,,,TRUE,打開,收到,帶來,喝,觀看,討厭,TRUE,need,learn,make,buy,bring,find,,,,
word-catalog-v1,CREATE_DRAFT,,,,,speak,speak,verb,A1,actions-events,說某種語言,講某種語言,,,,We speak English in this lesson.,我們在這節課說英語。,,,,TRUE,工作,打電話,游泳,去,醒來,游泳（動作）,TRUE,stand,ask,spell,work,finish,introduce,,,,
word-catalog-v1,CREATE_DRAFT,,,,,spell,spell,verb,A1,actions-events,拼寫,,,,,,,,,,TRUE,關閉,烹飪,取得,添加,想要,知道,TRUE,touch,think,fill,wash,turn,sell,,,,
word-catalog-v1,CREATE_DRAFT,,,,,add,add,verb,A1,actions-events,添加,,,,,,,,,,TRUE,買,停止,收到,聽,看見,寫,TRUE,look,rest,see,play,like,eat,,,,
word-catalog-v1,CREATE_DRAFT,,,,,call,call,verb,A1,actions-events,稱呼,叫作,,,,Everyone calls him Sam.,大家都稱呼他為 Sam。,,,,TRUE,取得,需要,玩,聽,關閉,喜歡,TRUE,help,wake up,stop,hate,come,work,,,,
word-catalog-v1,CREATE_DRAFT,,,,,cut,cut,verb,A1,actions-events,切,,,,,,,,,,TRUE,飛,去,交談,選擇,需要,跳,TRUE,come,eat,get,run,add,wake up,,,,
word-catalog-v1,CREATE_DRAFT,,,,,dish,dish,noun,A1,home-household,碟,碟子,,,,Please wash the dirty dish.,請清洗那隻污糟的碟。,,,,TRUE,垃圾桶,牙刷,樓層,鹽,醫院,西裝,TRUE,cabinet,hospital,floor,meal,purse,trash can,,,,
word-catalog-v1,CREATE_DRAFT,,,,,toothbrush,toothbrush,noun,A1,home-household,牙刷,,,,,,,,,,TRUE,夾克,銀行,餐廳,飯廳,水果,冰箱,TRUE,elevator,sweater,building,restaurant,ice cream,refrigerator,,,,
word-catalog-v1,CREATE_DRAFT,,,,,trash can,trash can,noun,A1,home-household,垃圾桶,,,,,,,,rubbish bin,,TRUE,升降機,蜂蜜,爐子,壁櫥,泳衣,戲院,TRUE,Germany,closet,dining room,tomato,part,vegetable,,,,
word-catalog-v1,CREATE_DRAFT,,,,,food,food,noun,A1,food-drink,食物,,,,,,,,,,TRUE,雞（動物）,餐,嘴唇,糖,朱古力奶,建築物,TRUE,dish,rice,salt,snake,chin,salad,,,,
word-catalog-v1,CREATE_DRAFT,,,,,meat,meat,noun,A1,food-drink,肉,,,,,,,,,,TRUE,嘴唇,湯,飯廳,羊,芝士,蔬菜,TRUE,knee,salad,jam,grape,part,lip,,,,
word-catalog-v1,CREATE_DRAFT,,,,,fish,fish,noun,A1,food-drink,魚肉,魚,,,,We had fish and rice for dinner.,我們晚餐吃了魚肉和米飯。,,,,TRUE,公寓,背部,食物,老鼠,果醬,胡椒,TRUE,cream,building,refrigerator,rice,meal,snake,,,,
word-catalog-v1,CREATE_DRAFT,,,,,chicken,chicken,noun,A1,food-drink,雞肉,雞,,,,The sandwich contains chicken.,這個三文治有雞肉。,,,,TRUE,芝士,背部,桃子,蛇,屋頂,餐,TRUE,ceiling,breakfast,knee,mouse,meat,meal,,,,
word-catalog-v1,CREATE_DRAFT,,,,,vegetable,vegetable,noun,A1,food-drink,蔬菜,,,,,,,,,,TRUE,下巴,沙律,樓層,果醬,芝士,動物,TRUE,cheese,dinner,apartment,salad,elephant,stomach,,,,
word-catalog-v1,CREATE_DRAFT,,,,,cucumber,cucumber,noun,A1,food-drink,青瓜,黃瓜,,,,,,,,,TRUE,大象,臉頰,魚肉,雞肉,櫥櫃,蔬菜,TRUE,chocolate milk,vegetable,elephant,pepper,closet,floor,,,,
word-catalog-v1,CREATE_DRAFT,,,,,potato,potato,noun,A1,food-drink,薯仔,馬鈴薯,,,,,,,,,TRUE,肉,蜂蜜,晚餐,雞（動物）,膝蓋,屋頂,TRUE,elevator,pepper,orange,sheep,dining room,salt,,,,
word-catalog-v1,CREATE_DRAFT,,,,,onion,onion,noun,A1,food-drink,洋葱,,,,,,,,,,TRUE,白飯,餐廳,薄餅,升降機,動物,葡萄,TRUE,potato,trash can,back,honey,stove,cucumber,,,,
word-catalog-v1,CREATE_DRAFT,,,,,tomato,tomato,noun,A1,food-drink,番茄,,,,,,,,,,TRUE,湯,臉頰,羊,爐子,沙律,雪糕,TRUE,juice,potato,roof,cabinet,pepper,floor,,,,
word-catalog-v1,CREATE_DRAFT,,,,,carrot,carrot,noun,A1,food-drink,胡蘿蔔,,,,,,,,,,TRUE,葡萄,橙,冰箱,肉,膝蓋,獅子,TRUE,food,dining room,refrigerator,chicken,chin,cream,,,,
word-catalog-v1,CREATE_DRAFT,,,,,pepper,pepper,noun,A1,food-drink,胡椒,胡椒粉,,,,Add a little black pepper to the soup.,在湯裏加入少量黑胡椒。,,,,TRUE,建築物,忌廉,白飯,食物,壁櫥,天花板,TRUE,yard,dinner,cheek,soup,mouse,tomato,,,,
word-catalog-v1,CREATE_DRAFT,,,,,fruit,fruit,noun,A1,food-drink,水果,,,,,,,,,,TRUE,湯,胃部,晚餐,牙刷,老鼠,桃子,TRUE,snake,peach,lunch,elevator,roof,rice,,,,
word-catalog-v1,CREATE_DRAFT,,,,,orange,orange,noun,A1,food-drink,橙,橙子,,,,She ate an orange after lunch.,她午餐後吃了一個橙。,,,,TRUE,果醬,公寓,牛油,獅子,餐廳,午餐,TRUE,lion,butter,fruit,toothbrush,building,lemon,,,,
word-catalog-v1,CREATE_DRAFT,,,,,grape,grape,noun,A1,food-drink,葡萄,,,,,,,,,,TRUE,水果,蛇,三文治,天花板,橙,脖子,TRUE,tomato,lion,honey,onion,lip,part,,,,
word-catalog-v1,CREATE_DRAFT,,,,,peach,peach,noun,A1,food-drink,桃子,,,,,,,,,,TRUE,朱古力奶,糖,魚（動物）,壁櫥,餐,下巴,TRUE,cream,dinner,elephant,lemon,roof,neck,,,,
word-catalog-v1,CREATE_DRAFT,,,,,lemon,lemon,noun,A1,food-drink,檸檬,,,,,,,,,,TRUE,升降機,院子,蜂蜜,鹽,天花板,白飯,TRUE,pizza,potato,stove,back,food,dish,,,,
word-catalog-v1,CREATE_DRAFT,,,,,cheese,cheese,noun,A1,food-drink,芝士,乾酪,,,,,,,,,TRUE,碟,桃子,屋頂,青瓜,魚肉,櫥櫃,TRUE,knee,food,refrigerator,pizza,mouse,orange,,,,
word-catalog-v1,CREATE_DRAFT,,,,,butter,butter,noun,A1,food-drink,牛油,黃油,,,,,,,,,TRUE,胡蘿蔔,動物,橙,洋葱,部分,櫥櫃,TRUE,sugar,animal,ice cream,cheek,carrot,dish,,,,
word-catalog-v1,CREATE_DRAFT,,,,,cream,cream,noun,A1,food-drink,忌廉,奶油,,,,The cake has cream on top.,蛋糕上面有忌廉。,,,,TRUE,食物,羊,早餐,飯廳,背部,牛油,TRUE,closet,sugar,neck,carrot,fruit,sheep,,,,
word-catalog-v1,CREATE_DRAFT,,,,,meal,meal,noun,A1,food-drink,餐,,,,,,,,,,TRUE,爐子,魚肉,大象,糖,臉頰,鹽,TRUE,soup,cheek,yard,peach,lip,sugar,,,,
word-catalog-v1,CREATE_DRAFT,,,,,breakfast,breakfast,noun,A1,food-drink,早餐,,,,,,,,,,TRUE,牙刷,胃部,大象,蔬菜,雞肉,番茄,TRUE,stomach,ceiling,sandwich,chocolate milk,ice cream,elephant,,,,
word-catalog-v1,CREATE_DRAFT,,,,,lunch,lunch,noun,A1,food-drink,午餐,,,,,,,,,,TRUE,薯仔,青瓜,忌廉,壁櫥,爐子,碟,TRUE,breakfast,lion,ice cream,stove,meat,stomach,,,,
word-catalog-v1,CREATE_DRAFT,,,,,dinner,dinner,noun,A1,food-drink,晚餐,,,,,,,,,,TRUE,果汁,垃圾桶,餐廳,魚（動物）,三文治,早餐,TRUE,orange,sheep,cheese,apartment,cabinet,juice,,,,
word-catalog-v1,CREATE_DRAFT,,,,,honey,honey,noun,A1,food-drink,蜂蜜,,,,,,,,,,TRUE,番茄,胡椒,膝蓋,獅子,院子,雪糕,TRUE,lunch,animal,yard,toothbrush,juice,peach,,,,
word-catalog-v1,CREATE_DRAFT,,,,,jam,jam,noun,A1,food-drink,果醬,,,,,He spread jam on the bread.,他把果醬塗在麵包上。,,,,TRUE,老鼠,薯仔,水果,樓層,薄餅,脖子,TRUE,chocolate milk,part,chicken,ceiling,fish,lion,,,,
word-catalog-v1,CREATE_DRAFT,,,,,juice,juice,noun,A1,food-drink,果汁,,,,,,,,,,TRUE,午餐,薯仔,脖子,蛇,檸檬,飯廳,TRUE,grape,soup,knee,jam,mouse,floor,,,,
word-catalog-v1,CREATE_DRAFT,,,,,ice cream,ice cream,noun,A1,food-drink,雪糕,冰淇淋,,,,,,,,,TRUE,蜂蜜,臉頰,葡萄,冰箱,肉,老鼠,TRUE,vegetable,neck,dining room,cucumber,fish,elevator,,,,
word-catalog-v1,CREATE_DRAFT,,,,,rice,rice,noun,A1,food-drink,白飯,米飯,,,,We ate cooked rice with vegetables.,我們吃白飯配蔬菜。,,,,TRUE,升降機,胡椒,屋頂,三文治,青瓜,嘴唇,TRUE,dish,pizza,chin,lion,onion,salt,,,,
word-catalog-v1,CREATE_DRAFT,,,,,chocolate milk,chocolate milk,noun,A1,food-drink,朱古力奶,巧克力牛奶,,,,,,,,,TRUE,魚（動物）,胡蘿蔔,冰箱,洋葱,公寓,檸檬,TRUE,snake,cheek,breakfast,cabinet,cucumber,vegetable,,,,
word-catalog-v1,CREATE_DRAFT,,,,,soup,soup,noun,A1,food-drink,湯,,,,,,,,,,TRUE,雞（動物）,晚餐,垃圾桶,早餐,檸檬,胃部,TRUE,sandwich,trash can,fish,neck,roof,chicken,,,,
word-catalog-v1,CREATE_DRAFT,,,,,salad,salad,noun,A1,food-drink,沙律,沙拉,,,,,,,,,TRUE,垃圾桶,鹽,部分,果汁,獅子,午餐,TRUE,sheep,tomato,apartment,part,lunch,fruit,,,,
word-catalog-v1,CREATE_DRAFT,,,,,pizza,pizza,noun,A1,food-drink,薄餅,披薩,,,,,,,,,TRUE,牙刷,院子,番茄,果汁,背部,沙律,TRUE,yard,carrot,animal,meal,butter,trash can,,,,
word-catalog-v1,CREATE_DRAFT,,,,,sandwich,sandwich,noun,A1,food-drink,三文治,三明治,,,,,,,,,TRUE,樓層,冰箱,胡蘿蔔,薄餅,嘴唇,水果,TRUE,onion,building,grape,stomach,toothbrush,cheese,,,,
word-catalog-v1,CREATE_DRAFT,,,,,sugar,sugar,noun,A1,food-drink,糖,,,,,,,,,,TRUE,下巴,朱古力奶,碟,雞肉,雪糕,蛇,TRUE,lemon,meat,ceiling,butter,chin,animal,,,,
word-catalog-v1,CREATE_DRAFT,,,,,salt,salt,noun,A1,food-drink,鹽,,,,,,,,,,TRUE,建築物,動物,部分,忌廉,牛油,洋葱,TRUE,stove,honey,jam,sandwich,lip,closet,,,,
word-catalog-v1,CREATE_DRAFT,,,,,weather,weather,noun,A1,nature-weather,天氣,,,,,,,,,,TRUE,超市,獅子,島,河流,的士,自然,TRUE,chicken,mountain,hospital,fire,airport,island,,,,
word-catalog-v1,CREATE_DRAFT,,,,,fire,fire,noun,A1,nature-weather,火,,,,,,,,,,TRUE,自然,冰,河流,酒店,雞（動物）,東,TRUE,north,forest,lion,Europe,weather,river,,,,
word-catalog-v1,CREATE_DRAFT,,,,,sunny,sunny,adjective,A1,nature-weather,陽光明媚的,,,,,,,,,,TRUE,多雲的,下雪的,非洲的,歐洲的,下雨的,法國的,TRUE,British,snowy,Asian,cloudy,Canadian,rainy,,,,
word-catalog-v1,CREATE_DRAFT,,,,,cloudy,cloudy,adjective,A1,nature-weather,多雲的,,,,,,,,,,TRUE,意大利的,下雪的,陽光明媚的,英國的,加拿大的,下雨的,TRUE,snowy,rainy,British,German,sunny,French,,,,
word-catalog-v1,CREATE_DRAFT,,,,,rainy,rainy,adjective,A1,nature-weather,下雨的,多雨的,,,,Take an umbrella on a rainy day.,下雨天要帶雨傘。,,,,TRUE,亞洲的,多雲的,美國的,下雪的,德國的,陽光明媚的,TRUE,African,sunny,European,cloudy,Italian,snowy,,,,
word-catalog-v1,CREATE_DRAFT,,,,,snowy,snowy,adjective,A1,nature-weather,下雪的,多雪的,,,,The road was white on the snowy morning.,下雪的早上，道路一片白。,,,,TRUE,陽光明媚的,多雲的,西班牙的,歐洲的,非洲的,下雨的,TRUE,sunny,Asian,Spanish,rainy,cloudy,American,,,,
word-catalog-v1,CREATE_DRAFT,,,,,ice,ice,noun,A1,nature-weather,冰,,,,,,,,,,TRUE,山,西,自然,警方,島,老鼠,TRUE,bank,van,bus,nature,beach,Earth,,,,
word-catalog-v1,CREATE_DRAFT,,,,,nature,nature,noun,A1,nature-weather,自然,,,,,,,,,,TRUE,動物,博物館,森林,火,天氣,機場,TRUE,elephant,museum,forest,station,mountain,island,,,,
word-catalog-v1,CREATE_DRAFT,,,,,Earth,Earth,proper_noun,A1,nature-weather,地球,,,,,,,,,,TRUE,海灘,意大利,天氣,歐洲,船,英國,TRUE,Italy,ice,fish,Africa,fire,train,,,,
word-catalog-v1,CREATE_DRAFT,,,,,river,river,noun,A1,nature-weather,河流,,,,,,,,,,TRUE,飛機,地球,國家,山,羊,島,TRUE,place,police,beach,sheep,mountain,ice,,,,
word-catalog-v1,CREATE_DRAFT,,,,,mountain,mountain,noun,A1,nature-weather,山,,,,,,,,,,TRUE,餐廳,冰,海灘,蛇,火,巴士,TRUE,weather,nature,mouse,motorcycle,supermarket,Earth,,,,
word-catalog-v1,CREATE_DRAFT,,,,,beach,beach,noun,A1,nature-weather,海灘,,,,,,,,,,TRUE,大象,河流,天氣,森林,郵局,北,TRUE,island,forest,east,bench,river,south,,,,
word-catalog-v1,CREATE_DRAFT,,,,,forest,forest,noun,A1,nature-weather,森林,,,,,,,,,,TRUE,票,火,地圖,地球,魚（動物）,冰,TRUE,fire,animal,weather,river,France,subway,,,,
word-catalog-v1,CREATE_DRAFT,,,,,island,island,noun,A1,nature-weather,島,,,,,,,,,,TRUE,地方,地球,海灘,山,亞洲,客貨車,TRUE,map,beach,snake,ice,nature,ship,,,,
word-catalog-v1,CREATE_DRAFT,,,,,hear,hear,verb,A1,actions-events,聽到,,,,,,,,,,TRUE,工作,取得,帶來,打開,烹飪,跌倒,TRUE,fall,give,turn,like,find,read,,,,
word-catalog-v1,CREATE_DRAFT,,,,,listen,listen,verb,A1,actions-events,聽,,,,,,,,,,TRUE,給,切,跑,跳,讀,去,TRUE,share,build,touch,speak,watch,choose,,,,
word-catalog-v1,CREATE_DRAFT,,,,,see,see,verb,A1,actions-events,看見,見到,,,,I can see a bird outside.,我看見窗外有一隻鳥。,,,,TRUE,站立,打開,清潔,稱呼,讀,幫助,TRUE,drive,sit,write,go,rest,look,,,,
word-catalog-v1,CREATE_DRAFT,,,,,look,look,verb,A1,actions-events,望向,看着,,,,Please look at the board.,請望向黑板。,,,,TRUE,帶來,拼寫,支付,填滿,溫習,問,TRUE,take,speak,open,swim,know,wear,,,,
word-catalog-v1,CREATE_DRAFT,,,,,watch,watch,verb,A1,actions-events,觀看,,,,,We watched a short film in class.,我們在課堂上觀看一齣短片。,,,,TRUE,有,準備,介紹,走,幫助,玩,TRUE,give,listen,cook,spell,drive,start,,,,
word-catalog-v1,CREATE_DRAFT,,,,,touch,touch,verb,A1,actions-events,觸摸,,,,,,,,,,TRUE,知道,望向,認為,烹飪,添加,駕駛,TRUE,choose,share,teach,build,cook,come,,,,
word-catalog-v1,CREATE_DRAFT,,,,,feel,feel,verb,A1,actions-events,感覺,,,,,,,,,,TRUE,跌倒,旅行,需要,選擇,完成,站立,TRUE,find,know,put,buy,do,choose,,,,
word-catalog-v1,CREATE_DRAFT,,,,,talk,talk,verb,A1,actions-events,交談,傾談,,,,I talked to my friend after class.,我下課後和朋友交談。,,,,TRUE,烹飪,問,拼寫,穿,開始,介紹,TRUE,drink,drive,prepare,think,do,go,,,,
word-catalog-v1,CREATE_DRAFT,,,,,call,call,verb,A1,actions-events,打電話,致電,,,,I called my friend after school.,我放學後打電話給朋友。,,,,TRUE,教,轉,游泳（動作）,找到,說某種語言,製作,TRUE,let,take,talk,ask,give,read,,,,
word-catalog-v1,CREATE_DRAFT,,,,,like,like,verb,A1,actions-events,喜歡,,,,,,,,enjoy,,TRUE,飛,觀看,學會,睡覺,溫習,拼寫,TRUE,know,rest,love,let,eat,sleep,,,,
word-catalog-v1,CREATE_DRAFT,,,,,love,love,verb,A1,actions-events,愛,,,,,,,,,hate,TRUE,休息,完成,選擇,給,建造,知道,TRUE,call,share,make,hear,turn,know,,,,
word-catalog-v1,CREATE_DRAFT,,,,,hate,hate,verb,A1,actions-events,討厭,,,,,,,,dislike,love,TRUE,坐,完成,幫助,望向,清潔,填滿,TRUE,fill,fall,wash,look,take,call,,,,
word-catalog-v1,CREATE_DRAFT,,,,,know,know,verb,A1,actions-events,知道,,,,,,,,,,TRUE,認為,交談,洗,準備,溫習,問,TRUE,hate,take,give,rest,sell,like,,,,
word-catalog-v1,CREATE_DRAFT,,,,,learn,learn,verb,A1,actions-events,學會,學到,,,,We learned a new word today.,我們今天學會一個新詞。,,,,TRUE,休息,溫習,認為,建造,來,聽到,TRUE,prepare,get,travel,cut,spell,choose,,,,
word-catalog-v1,CREATE_DRAFT,,,,,ask,ask,verb,A1,actions-events,問,,,,,,,,,,TRUE,交談,飛,讓,來,教,有,TRUE,open,add,fly,sell,jump,pay,,,,
word-catalog-v1,CREATE_DRAFT,,,,,study,study,verb,A1,actions-events,溫習,研習,,,,She studies for the test after dinner.,她晚飯後為測驗溫習。,,,,TRUE,支付,分享,稱呼,知道,介紹,去,TRUE,bring,hear,take,close,cook,love,,,,
word-catalog-v1,CREATE_DRAFT,,,,,teach,teach,verb,A1,actions-events,教,,,,,,,,,,TRUE,讀,讓,駕駛,停止,坐,愛,TRUE,fly,sell,spell,swim,sleep,listen,,,,
word-catalog-v1,CREATE_DRAFT,,,,,need,need,verb,A1,actions-events,需要,,,,,,,,,,TRUE,坐,聽到,去,睡覺,跌倒,介紹,TRUE,open,hear,clean,introduce,wake up,cut,,,,
word-catalog-v1,CREATE_DRAFT,,,,,want,want,verb,A1,actions-events,想要,,,,,,,,,,TRUE,支付,選擇,觸摸,飛,旅行,取得,TRUE,call,stand,watch,pay,buy,plan,,,,
word-catalog-v1,CREATE_DRAFT,,,,,share,share,verb,A1,actions-events,分享,,,,,,,,,,TRUE,停止,認為,建造,完成,需要,開始,TRUE,learn,wash,drink,teach,close,bring,,,,
word-catalog-v1,CREATE_DRAFT,,,,,put,put,verb,A1,actions-events,放,,,,,,,,,,TRUE,賣,喝,玩,觀看,走,洗,TRUE,fly,give,watch,let,want,ask,,,,
word-catalog-v1,CREATE_DRAFT,,,,,prepare,prepare,verb,A1,actions-events,準備,,,,,,,,get ready,,TRUE,收到,找到,睡覺,討厭,跑,建造,TRUE,share,finish,speak,jump,drink,swim,,,,
word-catalog-v1,CREATE_DRAFT,,,,,plan,plan,verb,A1,actions-events,計劃,,,,,,,,,,TRUE,醒來,認為,工作,游泳,游泳（動作）,討厭,TRUE,buy,wear,have,stop,come,want,,,,
word-catalog-v1,CREATE_DRAFT,,,,,fill,fill,verb,A1,actions-events,填滿,,,,,,,,,,TRUE,找到,教,有,清潔,學會,睡覺,TRUE,love,feel,play,touch,plan,sit,,,,
word-catalog-v1,CREATE_DRAFT,,,,,fly,fly,verb,A1,actions-events,飛,,,,,Some birds fly south in winter.,有些鳥在冬天飛往南方。,,,,TRUE,轉,買,感覺,寫,賣,穿,TRUE,sit,pay,feel,have,work,cut,,,,
word-catalog-v1,CREATE_DRAFT,,,,,get,get,verb,A1,actions-events,取得,得到,,,,We got our tickets at the station.,我們在車站取得車票。,,obtain,,TRUE,關閉,教,跌倒,打開,介紹,玩,TRUE,want,have,turn,sit,cut,let,,,,
word-catalog-v1,CREATE_DRAFT,,,,,school,school,noun,A1,school-education,學校,,,,,,,,,,TRUE,問題,大學,功課,醫生,丈夫,學生,TRUE,college,wife,job,uncle,class,science,,,,
word-catalog-v1,CREATE_DRAFT,,,,,college,college,noun,A1,school-education,大專院校,學院,,,,,,,,,TRUE,班別,答案,學校,課室,姪子或外甥,警員,TRUE,question,dentist,university,history,nephew,homework,,,,
word-catalog-v1,CREATE_DRAFT,,,,,university,university,noun,A1,school-education,大學,,,,,,,,,,TRUE,女朋友,工程師,歷史,功課,姨母或姑母,課室,TRUE,school,college,girlfriend,classroom,teacher,last name,,,,
word-catalog-v1,CREATE_DRAFT,,,,,classroom,classroom,noun,A1,school-education,課室,教室,,,,,,,,,TRUE,職位,功課,學校,語言,司機,叔伯或舅父,TRUE,doctor,people,student,person,homework,university,,,,
word-catalog-v1,CREATE_DRAFT,,,,,student,student,noun,A1,school-education,學生,,,,,,,,,,TRUE,父親或母親,護士,大專院校,人們,語言,課室,TRUE,husband,answer,class,language,science,waiter,,,,
word-catalog-v1,CREATE_DRAFT,,,,,homework,homework,noun,A1,school-education,功課,家庭作業,,,,,,,,,TRUE,大專院校,學校,大學,工作,孩子,姪女或外甥女,TRUE,school,cousin,classroom,niece,driver,language,,,,
word-catalog-v1,CREATE_DRAFT,,,,,history,history,noun,A1,school-education,歷史,,,,,,,,,,TRUE,大專院校,科學,語言,錢,妻子,地址,TRUE,parent,college,engineer,classroom,science,boyfriend,,,,
word-catalog-v1,CREATE_DRAFT,,,,,language,language,noun,A1,school-education,語言,,,,,,,,,,TRUE,科學,成人,學生,堂／表兄弟姊妹,牙醫,班別,TRUE,adult,class,grandchild,university,police officer,homework,,,,
word-catalog-v1,CREATE_DRAFT,,,,,science,science,noun,A1,school-education,科學,,,,,,,,,,TRUE,大學,朋友,工作（不可數）,班別,歷史,老師,TRUE,address,school,history,student,child,nurse,,,,
word-catalog-v1,CREATE_DRAFT,,,,,class,class,noun,A1,school-education,班別,班級,,,,Our class has thirty students.,我們班有三十名學生。,,,,TRUE,科學,姓氏,侍應,孫輩,學生,歷史,TRUE,aunt,student,history,money,language,friend,,,,
word-catalog-v1,CREATE_DRAFT,,,,,bank,bank,noun,A1,places-community,銀行,,,,,The bank closes at five.,銀行五時關門。,,,,TRUE,博物館,垃圾桶,醫院,地鐵,亞洲,課室,TRUE,train,money,post office,hotel,class,movie theater,,,,
word-catalog-v1,CREATE_DRAFT,,,,,hospital,hospital,noun,A1,places-community,醫院,,,,,,,,,,TRUE,火車,加拿大,酒店,天氣,德國,司機,TRUE,hotel,Germany,post office,homework,station,part,,,,
word-catalog-v1,CREATE_DRAFT,,,,,restaurant,restaurant,noun,A1,places-community,餐廳,,,,,,,,,,TRUE,護士,的士,法國,自然,郵局,美國,TRUE,museum,car,subway,Asia,toothbrush,country,,,,
word-catalog-v1,CREATE_DRAFT,,,,,movie theater,movie theater,noun,A1,places-community,戲院,電影院,,,,,,movie theatre,cinema,,TRUE,冰,飛機,西,美國,國家,餐廳,TRUE,airplane,United Kingdom,the United States,refrigerator,supermarket,beach,,,,
word-catalog-v1,CREATE_DRAFT,,,,,supermarket,supermarket,noun,A1,places-community,超市,,,,,,,,,,TRUE,醫院,銀行,郵局,北,飯廳,功課,TRUE,teacher,passport,roof,the United States,movie theater,post office,,,,
word-catalog-v1,CREATE_DRAFT,,,,,post office,post office,noun,A1,places-community,郵局,,,,,,,,,,TRUE,歐洲,班別,櫥櫃,護照,西班牙,警方,TRUE,passport,supermarket,weather,language,restaurant,movie theater,,,,
word-catalog-v1,CREATE_DRAFT,,,,,bench,bench,noun,A1,places-community,長凳,,,,,,,,,,TRUE,車站,酒店,超市,天氣,加拿大,老師,TRUE,police,driver,bus,ice,map,hospital,,,,
word-catalog-v1,CREATE_DRAFT,,,,,museum,museum,noun,A1,places-community,博物館,,,,,,,,,,TRUE,電單車,職位,醫院,爐子,戲院,警方,TRUE,engineer,country,hospital,motorcycle,police,student,,,,
word-catalog-v1,CREATE_DRAFT,,,,,hotel,hotel,noun,A1,places-community,酒店,,,,,,,,,,TRUE,地圖,錢,國家,銀行,公寓,私家車,TRUE,bank,forest,teacher,map,south,bench,,,,
word-catalog-v1,CREATE_DRAFT,,,,,police,police,noun,A1,places-community,警方,警察部門,,,,,,,,,TRUE,酒店,南方,司機,超市,升降機,長凳,TRUE,science,Canada,stove,restaurant,bench,ship,,,,
word-catalog-v1,CREATE_DRAFT,,,,,map,map,noun,A1,places-community,地圖,,,,,,,,,,TRUE,超市,博物館,地鐵,法國,火,工作,TRUE,east,job,Canada,museum,fire,Africa,,,,
word-catalog-v1,CREATE_DRAFT,,,,,hobby,hobby,noun,A1,sports-leisure,興趣,嗜好,,,,,,,,,TRUE,吉他,小提琴,的士,火車站,東,足球,TRUE,train,south,piano,bicycle,video game,magazine,,,,
word-catalog-v1,CREATE_DRAFT,,,,,movie,movie,noun,A1,arts-culture-media,電影,,,,,,,,,,TRUE,小提琴,演員,報紙,功課,答案,雜誌,TRUE,newspaper,actor,hiking,answer,magazine,school,,,,
word-catalog-v1,CREATE_DRAFT,,,,,guitar,guitar,noun,A1,sports-leisure,吉他,,,,,,,,,,TRUE,遠足,脖子,游泳,雜誌,運動,巴士,TRUE,violin,piano,neck,station,tennis,passport,,,,
word-catalog-v1,CREATE_DRAFT,,,,,piano,piano,noun,A1,sports-leisure,鋼琴,,,,,,,,,,TRUE,單車,貨車,吉他,興趣,船,胃部,TRUE,movie,tennis,van,guitar,bus,soccer,,,,
word-catalog-v1,CREATE_DRAFT,,,,,violin,violin,noun,A1,sports-leisure,小提琴,,,,,,,,,,TRUE,游泳,鋼琴,南方,雜誌,電子遊戲,下巴,TRUE,movie,tennis,hiking,guitar,ticket,lip,,,,
word-catalog-v1,CREATE_DRAFT,,,,,swimming,swim,noun,A1,sports-leisure,游泳,,,,,Swimming is a popular school sport.,游泳是一項常見的學校運動。,,,,TRUE,小提琴,護照,遠足,南方,臉頰,網球,FALSE,,,,,,,,,,
word-catalog-v1,CREATE_DRAFT,,,,,soccer,soccer,noun,A1,sports-leisure,足球,英式足球,,,,,,,football,,TRUE,興趣,客貨車,排球,單車,電單車,報紙,TRUE,place,magazine,ship,sport,video game,swimming,,,,
word-catalog-v1,CREATE_DRAFT,,,,,volleyball,volleyball,noun,A1,sports-leisure,排球,,,,,,,,,,TRUE,網球,電影,飛機,遠足,運動,北,TRUE,airplane,motorcycle,stomach,bicycle,video game,swimming,,,,
word-catalog-v1,CREATE_DRAFT,,,,,hiking,hiking,noun,A1,sports-leisure,遠足,徒步旅行,,,,,,,,,TRUE,報紙,小提琴,火車,背部,單車,網球,TRUE,guitar,volleyball,chin,east,truck,hobby,,,,
word-catalog-v1,CREATE_DRAFT,,,,,tennis,tennis,noun,A1,sports-leisure,網球,,,,,,,,,,TRUE,游泳,運動,地鐵,電子遊戲,票,西,TRUE,sport,soccer,airport,hiking,newspaper,west,,,,
word-catalog-v1,CREATE_DRAFT,,,,,bicycle,bicycle,noun,A1,sports-leisure,單車,自行車,,,,,,,,,TRUE,嘴唇,足球,演員,地方,吉他,排球,TRUE,cheek,soccer,subway,sport,actor,volleyball,,,,
word-catalog-v1,CREATE_DRAFT,,,,,sport,sport,noun,A1,sports-leisure,運動,,,,,,,,,,TRUE,下巴,鋼琴,興趣,機場,電子遊戲,電影,TRUE,swimming,car,knee,violin,north,hobby,,,,
word-catalog-v1,CREATE_DRAFT,,,,,video game,video game,noun,A1,sports-leisure,電子遊戲,,,,,,,,,,TRUE,車站,膝蓋,排球,足球,鋼琴,私家車,TRUE,hiking,train station,volleyball,taxi,hobby,newspaper,,,,
word-catalog-v1,CREATE_DRAFT,,,,,newspaper,newspaper,noun,A1,arts-culture-media,報紙,,,,,,,,,,TRUE,電影,大學,演員,雜誌,吉他,鋼琴,TRUE,hobby,student,actor,video game,movie,magazine,,,,
word-catalog-v1,CREATE_DRAFT,,,,,magazine,magazine,noun,A1,arts-culture-media,雜誌,,,,,,,,,,TRUE,排球,電影,報紙,足球,班別,演員,TRUE,movie,newspaper,swimming,actor,bicycle,language,,,,
word-catalog-v1,CREATE_DRAFT,,,,,country,country,noun,A1,places-community,國家,,,,,,,,,,TRUE,戲院,警方,牙醫,語言,餐廳,東,TRUE,airplane,apartment,hospital,hotel,restaurant,trash can,,,,
word-catalog-v1,CREATE_DRAFT,,,,,the United States,the United States,proper_noun,A1,places-community,美國,,,,,,,United States|the USA|USA,,,TRUE,戲院,電單車,侍應,長凳,山,學生,TRUE,van,police officer,west,United Kingdom,Italy,cabinet,,,,
word-catalog-v1,CREATE_DRAFT,,,,,American,American,adjective,A1,places-community,美國的,,,,,,,,,,TRUE,錯誤的,西班牙的,英國的,淺色的,下雨的,意大利的,TRUE,European,expensive,Spanish,rainy,difficult,Canadian,,,,
word-catalog-v1,CREATE_DRAFT,,,,,Canada,Canada,proper_noun,A1,places-community,加拿大,,,,,,,,,,TRUE,火車站,建築物,意大利,醫生,非洲,大專院校,TRUE,Italy,place,waiter,Spain,nature,school,,,,
word-catalog-v1,CREATE_DRAFT,,,,,Canadian,Canadian,adjective,A1,places-community,加拿大的,,,,,,,,,,TRUE,下雪的,意大利的,美麗的,英國的,非洲的,難看的,TRUE,ugly,Spanish,heavy,French,smart,American,,,,
word-catalog-v1,CREATE_DRAFT,,,,,United Kingdom,United Kingdom,proper_noun,A1,places-community,英國,,,,,,,the United Kingdom|the UK|UK,,,TRUE,科學,歐洲,加拿大,海灘,部分,票,TRUE,France,the United States,police officer,Earth,dining room,train station,,,,
word-catalog-v1,CREATE_DRAFT,,,,,British,British,adjective,A1,places-community,英國的,,,,,,,,,,TRUE,加拿大的,德國的,相同的,假的,美國的,輕的,TRUE,wrong,Asian,low,dark,European,Italian,,,,
word-catalog-v1,CREATE_DRAFT,,,,,Germany,Germany,proper_noun,A1,places-community,德國,,,,,,,,,,TRUE,碟,地球,非洲,院子,巴士,西班牙,TRUE,France,history,ticket,Earth,Spain,dish,,,,
word-catalog-v1,CREATE_DRAFT,,,,,German,German,adjective,A1,places-community,德國的,,,,,,,,,,TRUE,不同的,亞洲的,西班牙的,重的,非洲的,昂貴的,TRUE,Canadian,open,Asian,European,old,clean,,,,
word-catalog-v1,CREATE_DRAFT,,,,,France,France,proper_noun,A1,places-community,法國,,,,,,,,,,TRUE,河流,船,非洲,樓層,西班牙,工程師,TRUE,Europe,truck,dentist,Africa,university,mountain,,,,
word-catalog-v1,CREATE_DRAFT,,,,,French,French,adjective,A1,places-community,法國的,,,,,,,,,,TRUE,髒的,英國的,西班牙的,正確的,意大利的,準備好了,TRUE,closed,snowy,Italian,American,Asian,cheap,,,,
word-catalog-v1,CREATE_DRAFT,,,,,Spain,Spain,proper_noun,A1,places-community,西班牙,,,,,,,,,,TRUE,德國,客貨車,學校,火,亞洲,天花板,TRUE,Germany,river,classroom,Europe,nurse,taxi,,,,
word-catalog-v1,CREATE_DRAFT,,,,,Spanish,Spanish,adjective,A1,places-community,西班牙的,,,,,,,,,,TRUE,富有的,確信的,乾淨的,歐洲的,法國的,加拿大的,TRUE,same,African,British,rich,true,German,,,,
word-catalog-v1,CREATE_DRAFT,,,,,Italy,Italy,proper_noun,A1,places-community,意大利,,,,,,,,,,TRUE,島,冰箱,機場,博物館,地方,地圖,TRUE,taxi,yard,bank,Canada,ceiling,island,,,,
word-catalog-v1,CREATE_DRAFT,,,,,Italian,Italian,adjective,A1,places-community,意大利的,,,,,,,,,,TRUE,歐洲的,加拿大的,陽光明媚的,法國的,聰明的,營業中的,TRUE,false,British,German,cloudy,African,correct,,,,
word-catalog-v1,CREATE_DRAFT,,,,,walk,walk,verb,A1,actions-events,走,,,,,We walk to school together.,我們一起步行上學。,,,,TRUE,幫助,放,駕駛,喜歡,添加,賣,TRUE,learn,ask,rest,think,talk,write,,,,
word-catalog-v1,CREATE_DRAFT,,,,,run,run,verb,A1,actions-events,跑,,,,,She runs fast in the race.,她在賽跑中跑得很快。,,,,TRUE,轉,穿,聽,切,停止,拿,TRUE,add,go,buy,make,fall,put,,,,
word-catalog-v1,CREATE_DRAFT,,,,,go,go,verb,A1,actions-events,去,,,,,We go to the library after class.,我們下課後去圖書館。,,,,TRUE,跳,有,坐,做,穿,讀,TRUE,run,see,read,do,sit,ask,,,,
word-catalog-v1,CREATE_DRAFT,,,,,come,come,verb,A1,actions-events,來,,,,,Please come to school early tomorrow.,明天請早點回校。,,,,TRUE,切,吃,放,觀看,說某種語言,打電話,TRUE,open,work,make,clean,introduce,go,,,,
word-catalog-v1,CREATE_DRAFT,,,,,sit,sit,verb,A1,actions-events,坐,,,,,Please sit on the chair.,請坐在椅子上。,,,,TRUE,跌倒,問,開始,賣,跳,飛,TRUE,see,talk,wear,fly,like,cut,,,,
word-catalog-v1,CREATE_DRAFT,,,,,fall,fall,verb,A1,actions-events,跌倒,,,,,Be careful not to fall down.,小心不要跌倒。,,,,TRUE,交談,望向,駕駛,感覺,選擇,清潔,TRUE,walk,look,swim,play,plan,fill,,,,
word-catalog-v1,CREATE_DRAFT,,,,,jump,jump,verb,A1,actions-events,跳,,,,,,,,,,TRUE,喝,拼寫,洗,溫習,放,穿,TRUE,sit,look,sell,hate,need,know,,,,
word-catalog-v1,CREATE_DRAFT,,,,,bring,bring,verb,A1,actions-events,帶來,,,,,,,,,,TRUE,收到,旅行,觸摸,製作,討厭,打電話,TRUE,cook,hear,close,help,travel,love,,,,
word-catalog-v1,CREATE_DRAFT,,,,,give,give,verb,A1,actions-events,給,,,,,,,,,,TRUE,跑,需要,吃,做,買,拿,TRUE,know,call,run,put,teach,wear,,,,
word-catalog-v1,CREATE_DRAFT,,,,,find,find,verb,A1,actions-events,找到,,,,,,,,,,TRUE,計劃,打開,烹飪,製作,填滿,睡覺,TRUE,fall,eat,study,stop,get,talk,,,,
word-catalog-v1,CREATE_DRAFT,,,,,open,open,verb,A1,actions-events,打開,,,,,Please open the door quietly.,請輕輕打開門。,,,close,TRUE,寫,支付,喜歡,看見,感覺,切,TRUE,think,love,stop,drink,cook,fill,,,,
word-catalog-v1,CREATE_DRAFT,,,,,close,close,verb,A1,actions-events,關閉,,,,,,,,,,TRUE,填滿,準備,溫習,穿,觸摸,看見,TRUE,start,sleep,listen,write,read,jump,,,,
word-catalog-v1,CREATE_DRAFT,,,,,start,start,verb,A1,actions-events,開始,,,,,,,,begin,finish|stop,TRUE,拼寫,問,收到,想要,完成,計劃,TRUE,travel,wear,finish,call,see,learn,,,,
word-catalog-v1,CREATE_DRAFT,,,,,stop,stop,verb,A1,actions-events,停止,,,,,,,,,start,TRUE,打開,睡覺,交談,有,吃,添加,TRUE,need,run,sell,jump,find,read,,,,
word-catalog-v1,CREATE_DRAFT,,,,,finish,finish,verb,A1,actions-events,完成,,,,,,,,complete,,TRUE,游泳（動作）,烹飪,說某種語言,觸摸,想要,游泳,TRUE,help,prepare,start,listen,spell,hate,,,,
word-catalog-v1,CREATE_DRAFT,,,,,build,build,verb,A1,actions-events,建造,,,,,,,,construct,,TRUE,站立,觀看,感覺,聽到,讓,認為,TRUE,work,watch,touch,need,learn,speak,,,,
word-catalog-v1,CREATE_DRAFT,,,,,do,do,verb,A1,actions-events,做,,,,,I do my homework after dinner.,我晚飯後做功課。,,,,TRUE,製作,稱呼,開始,計劃,打電話,看見,TRUE,go,choose,stand,build,teach,feel,,,,
word-catalog-v1,CREATE_DRAFT,,,,,get,get,verb,A1,actions-events,收到,接到,,,,I got a message from my teacher.,我收到老師的訊息。,,receive,,TRUE,添加,走,聽,填滿,計劃,休息,TRUE,buy,call,fly,add,eat,put,,,,
word-catalog-v1,CREATE_DRAFT,,,,,turn,turn,verb,A1,actions-events,轉,,,,,Turn the handle slowly.,慢慢轉動把手。,,,,TRUE,喝,選擇,給,休息,走,帶來,TRUE,want,study,fall,ask,swim,speak,,,,
word-catalog-v1,CREATE_DRAFT,,,,,introduce,introduce,verb,A1,actions-events,介紹,,,,,,,,,,TRUE,觸摸,看見,工作,拼寫,計劃,醒來,TRUE,travel,swim,prepare,find,get,clean,,,,
word-catalog-v1,CREATE_DRAFT,,,,,travel,travel,verb,A1,actions-events,旅行,,,,,,,,,,TRUE,感覺,討厭,愛,找到,寫,開始,TRUE,close,study,work,choose,write,bring,,,,
word-catalog-v1,CREATE_DRAFT,,,,,let,let,verb,A1,actions-events,讓,,,,,,,,,,TRUE,游泳,想要,醒來,問,游泳（動作）,玩,TRUE,walk,think,share,cut,finish,like,,,,
word-catalog-v1,CREATE_DRAFT,,,,,choose,choose,verb,A1,actions-events,選擇,,,,,,,,select,,TRUE,分享,建造,飛,切,望向,開始,TRUE,prepare,build,stand,spell,think,watch,,,,
word-catalog-v1,CREATE_DRAFT,,,,,help,help,verb,A1,actions-events,幫助,,,,,,,,assist,,TRUE,站立,跑,關閉,喜歡,來,聽到,TRUE,take,give,walk,look,cook,have,,,,
word-catalog-v1,CREATE_DRAFT,,,,,swim,swim,verb,A1,actions-events,游泳（動作）,游泳,,,,The students swim across the pool.,學生游過泳池。,,,,TRUE,找到,聽,取得,關閉,觸摸,說某種語言,TRUE,start,eat,listen,run,wear,drive,,,,
word-catalog-v1,CREATE_DRAFT,,,,,car,car,noun,A1,travel-transport,私家車,汽車,,,,,,,,,TRUE,吉他,山,票,郵局,機場,貨車,TRUE,river,airplane,map,train,bus,violin,,,,
word-catalog-v1,CREATE_DRAFT,,,,,motorcycle,motorcycle,noun,A1,travel-transport,電單車,摩托車,,,,,,,,,TRUE,單車,河流,客貨車,私家車,醫院,飛機,TRUE,Germany,train station,volleyball,passport,United Kingdom,truck,,,,
word-catalog-v1,CREATE_DRAFT,,,,,bus,bus,noun,A1,travel-transport,巴士,公共汽車,,,,,,,,,TRUE,電子遊戲,南方,飛機,地球,德國,西,TRUE,ice,ship,car,hotel,east,violin,,,,
word-catalog-v1,CREATE_DRAFT,,,,,truck,truck,noun,A1,travel-transport,貨車,卡車,,,,,,,,,TRUE,巴士,亞洲,火車站,法國,遠足,地鐵,TRUE,subway,Asia,train,guitar,museum,motorcycle,,,,
word-catalog-v1,CREATE_DRAFT,,,,,train,train,noun,A1,travel-transport,火車,,,,,We travelled to the city by train.,我們乘火車前往市區。,,,,TRUE,火車站,地方,美國,車站,運動,冰,TRUE,the United States,taxi,place,tennis,east,Africa,,,,
word-catalog-v1,CREATE_DRAFT,,,,,taxi,taxi,noun,A1,travel-transport,的士,,,,,,,,,,TRUE,私家車,冰,鋼琴,歐洲,南方,護照,TRUE,hobby,north,fire,map,bus,van,,,,
word-catalog-v1,CREATE_DRAFT,,,,,subway,subway,noun,A1,travel-transport,地鐵,地下鐵路,,,,,,,underground,,TRUE,西班牙,火車,北,足球,地圖,的士,TRUE,forest,sport,passport,police,ship,place,,,,
word-catalog-v1,CREATE_DRAFT,,,,,airplane,airplane,noun,A1,travel-transport,飛機,,,,,,,aeroplane,,,TRUE,網球,巴士,銀行,機場,私家車,英國,TRUE,beach,passport,swimming,ticket,car,post office,,,,
word-catalog-v1,CREATE_DRAFT,,,,,ship,ship,noun,A1,travel-transport,船,,,,,,,,,,TRUE,島,護照,東,遠足,超市,火車,TRUE,river,south,west,bicycle,taxi,bank,,,,
word-catalog-v1,CREATE_DRAFT,,,,,ticket,ticket,noun,A1,travel-transport,票,,,,,,,,,,TRUE,北,酒店,足球,自然,西,南方,TRUE,hospital,soccer,mountain,train station,station,subway,,,,
word-catalog-v1,CREATE_DRAFT,,,,,van,van,noun,A1,travel-transport,客貨車,,,,,,,,,,TRUE,森林,地鐵,護照,的士,小提琴,餐廳,TRUE,car,soccer,south,ice,airport,police,,,,
word-catalog-v1,CREATE_DRAFT,,,,,station,station,noun,A1,travel-transport,車站,,,,,The station is busy every morning.,這個車站每天早上都很繁忙。,,,,TRUE,火車,巴士,國家,游泳,天氣,船,TRUE,train,weather,country,guitar,east,truck,,,,
word-catalog-v1,CREATE_DRAFT,,,,,airport,airport,noun,A1,travel-transport,機場,,,,,,,,,,TRUE,火車站,火,排球,長凳,東,電單車,TRUE,beach,station,bicycle,ticket,motorcycle,restaurant,,,,
word-catalog-v1,CREATE_DRAFT,,,,,train station,train station,noun,A1,travel-transport,火車站,,,,,The train leaves from the railway station.,火車從火車站開出。,railway station,,,TRUE,車站,意大利,飛機,天氣,博物館,電單車,TRUE,movie theater,airplane,island,motorcycle,airport,video game,,,,
word-catalog-v1,CREATE_DRAFT,,,,,place,place,noun,A1,travel-transport,地方,場所,,,,,,,location,,TRUE,客貨車,東,酒店,車站,森林,興趣,TRUE,hiking,Canada,airport,bench,south,ticket,,,,
word-catalog-v1,CREATE_DRAFT,,,,,north,north,noun,A1,travel-transport,北,北方,,,,,,,,south,TRUE,地方,銀行,船,吉他,火,機場,TRUE,Earth,station,place,restaurant,bus,tennis,,,,
word-catalog-v1,CREATE_DRAFT,,,,,south,south,noun,A1,travel-transport,南方,南面,,,,,,,,north,TRUE,地方,運動,船,貨車,加拿大,非洲,TRUE,Europe,van,west,north,piano,France,,,,
word-catalog-v1,CREATE_DRAFT,,,,,east,east,noun,A1,travel-transport,東,東方,,,,,,,,west,TRUE,法國,山,西,票,電子遊戲,貨車,TRUE,Italy,piano,Spain,west,north,taxi,,,,
word-catalog-v1,CREATE_DRAFT,,,,,west,west,noun,A1,travel-transport,西,西方,,,,,,,,east,TRUE,戲院,興趣,票,地鐵,北,網球,TRUE,bank,train station,sport,mountain,ship,subway,,,,
word-catalog-v1,CREATE_DRAFT,,,,,back,back,adverb,A1,travel-transport,返回,回去|往回,,,,We went back to the classroom.,我們返回課室。,,,,TRUE,遠,經常,當然,向左,向右,很快,TRUE,left,both,again,right,another,far,,,,
word-catalog-v1,CREATE_DRAFT,,,,,right,right,adverb,A1,travel-transport,向右,往右,,,,Turn right at the bank.,在銀行向右轉。,,,left,TRUE,從不,遠,返回,向左,別的,有時,TRUE,of course,soon,far,left,back,really,,,,
word-catalog-v1,CREATE_DRAFT,,,,,left,left,adverb,A1,travel-transport,向左,往左,,,,Turn left at the bank.,在銀行向左轉。,,,right,TRUE,通常,遠,返回,向右,樓上,真的,TRUE,always,never,back,often,right,far,,,,
word-catalog-v1,CREATE_DRAFT,,,,,far,far,adverb,A1,travel-transport,遠,,,,,,,,,,TRUE,總是,向右,向左,再次,返回,樓下,TRUE,else,upstairs,right,back,left,sometimes,,,,
word-catalog-v1,CREATE_DRAFT,,,,,Asia,Asia,proper_noun,A1,places-community,亞洲,,,,,,,,,,TRUE,工作（不可數）,牙刷,美國,森林,英國,火車,TRUE,north,airport,floor,Africa,work,Europe,,,,
word-catalog-v1,CREATE_DRAFT,,,,,Asian,Asian,adjective,A1,places-community,亞洲的,,,,,,,,,,TRUE,法國的,真實的,困難的,便宜,德國的,非洲的,TRUE,poor,German,light,sunny,Italian,French,,,,
word-catalog-v1,CREATE_DRAFT,,,,,Europe,Europe,proper_noun,A1,places-community,歐洲,,,,,,,,,,TRUE,貨車,警員,英國,德國,歷史,屋頂,TRUE,ticket,engineer,France,building,elevator,Asia,,,,
word-catalog-v1,CREATE_DRAFT,,,,,European,European,adjective,A1,places-community,歐洲的,,,,,,,,,,TRUE,低,美國的,高,舊的,西班牙的,亞洲的,TRUE,beautiful,Canadian,African,Spanish,different,high,,,,
word-catalog-v1,CREATE_DRAFT,,,,,Africa,Africa,proper_noun,A1,places-community,非洲,,,,,,,,,,TRUE,大學,意大利,法國,壁櫥,地球,職位,TRUE,doctor,island,college,United Kingdom,closet,Asia,,,,
word-catalog-v1,CREATE_DRAFT,,,,,African,African,adjective,A1,places-community,非洲的,,,,,,,,,,TRUE,深色的,多雲的,亞洲的,德國的,關閉的,美國的,TRUE,dirty,French,ready,British,sure,American,,,,
word-catalog-v1,CREATE_DRAFT,,,,,always,always,adverb,A1,function-words,總是,,,,,,,,,never,TRUE,樓下,有時,向右,別的,返回,當然,TRUE,really,never,right,upstairs,far,again,,,,
word-catalog-v1,CREATE_DRAFT,,,,,never,never,adverb,A1,function-words,從不,,,,,,,,,always,TRUE,向左,有時,返回,別的,當然,樓上,TRUE,left,always,back,usually,upstairs,again,,,,
word-catalog-v1,CREATE_DRAFT,,,,,usually,usually,adverb,A1,function-words,通常,,,,,,,,normally,,TRUE,返回,樓下,從不,真的,很快,向左,TRUE,far,of course,soon,right,upstairs,sometimes,,,,
word-catalog-v1,CREATE_DRAFT,,,,,often,often,adverb,A1,function-words,經常,,,,,,,,frequently,,TRUE,後面,返回,向左,總是,樓上,兩者都,TRUE,sometimes,under,else,right,upstairs,left,,,,
word-catalog-v1,CREATE_DRAFT,,,,,sometimes,sometimes,adverb,A1,function-words,有時,,,,,,,,occasionally,,TRUE,遠,樓上,從不,很快,經常,向左,TRUE,of course,downstairs,far,upstairs,often,always,,,,
word-catalog-v1,CREATE_DRAFT,,,,,soon,soon,adverb,A1,function-words,很快,,,,,,,,,,TRUE,再次,兩者都,樓上,返回,遠,總是,TRUE,really,right,upstairs,never,else,left,,,,
word-catalog-v1,CREATE_DRAFT,,,,,again,again,adverb,A1,function-words,再次,,,,,,,,once more,,TRUE,樓下,向右,經常,從不,遠,真的,TRUE,downstairs,back,really,far,both,usually,,,,
word-catalog-v1,CREATE_DRAFT,,,,,of course,of course,adverb,A1,function-words,當然,,,,,,,,,,TRUE,經常,通常,樓下,遠,總是,向左,TRUE,sometimes,often,far,right,always,downstairs,,,,
word-catalog-v1,CREATE_DRAFT,,,,,really,really,adverb,A1,function-words,真的,,,,,,,,truly,,TRUE,通常,向右,向左,在...之間,在...之前,樓下,TRUE,of course,upstairs,far,right,usually,else,,,,
word-catalog-v1,CREATE_DRAFT,,,,,else,else,adverb,A1,function-words,別的,,,,,,,,,,TRUE,旁邊,再次,樓下,向右,向左,很快,TRUE,far,never,downstairs,soon,again,back,,,,
word-catalog-v1,CREATE_DRAFT,,,,,before,before,preposition,A1,function-words,在...之前,,,,,,,,,,TRUE,樓上,遠,在...之間,靠近,在……上面越過,返回,TRUE,under,left,behind,above,downstairs,back,,,,
word-catalog-v1,CREATE_DRAFT,,,,,after,after,preposition,A1,function-words,之後,,,,,,,,,,TRUE,在...之前,返回,樓上,橫過,遠,在……上面越過,TRUE,back,above,before,downstairs,over,far,,,,
word-catalog-v1,CREATE_DRAFT,,,,,below,below,preposition,A1,function-words,低於,在……之下,,,,The mark is below the water level.,標記在水面以下。,,,above,TRUE,在……下面,靠近,樓下,後面,遠,向右,TRUE,across,back,far,downstairs,above,behind,,,,
word-catalog-v1,CREATE_DRAFT,,,,,above,above,preposition,A1,function-words,在……上方,高於,,,,The clock is above the door.,時鐘在門的上方。,,,below,TRUE,向左,樓上,遠,之後,低於,在……下面,TRUE,left,downstairs,near,under,far,behind,,,,
word-catalog-v1,CREATE_DRAFT,,,,,across,across,preposition,A1,function-words,橫過,穿過,,,,Use the crossing to walk across the road.,使用行人過路處橫過馬路。,,,,TRUE,另一個,別的,向左,樓上,在……下面,遠,TRUE,between,next to,left,before,upstairs,right,,,,
word-catalog-v1,CREATE_DRAFT,,,,,near,near,preposition,A1,function-words,靠近,,,,,,,,,,TRUE,有時,真的,樓下,返回,向右,再次,TRUE,before,left,after,over,right,upstairs,,,,
word-catalog-v1,CREATE_DRAFT,,,,,between,between,preposition,A1,function-words,在...之間,,,,,,,,,,TRUE,向左,樓下,在……上方,另一個,通常,向右,TRUE,upstairs,next to,right,near,another,left,,,,
word-catalog-v1,CREATE_DRAFT,,,,,next to,next to,preposition,A1,function-words,旁邊,,,,,,,,,,TRUE,樓上,向右,靠近,遠,之後,後面,TRUE,between,back,over,left,below,downstairs,,,,
word-catalog-v1,CREATE_DRAFT,,,,,behind,behind,preposition,A1,function-words,後面,,,,,,,,,in front of,TRUE,樓上,遠,橫過,低於,向右,之後,TRUE,back,another,upstairs,soon,left,both,,,,
word-catalog-v1,CREATE_DRAFT,,,,,another,another,determiner,A1,function-words,另一個,,,,,,,,,,TRUE,樓下,向右,在……上方,當然,兩者都,返回,TRUE,next to,far,both,downstairs,often,right,,,,
word-catalog-v1,CREATE_DRAFT,,,,,both,both,determiner,A1,function-words,兩者都,兩個都|雙方都,,,,Both students finished the task.,兩位學生都完成了任務。,,,,TRUE,旁邊,另一個,樓上,向左,在……上方,返回,TRUE,downstairs,after,left,back,another,below,,,,
word-catalog-v1,CREATE_DRAFT,,,,,over,over,preposition,A1,function-words,在……上面越過,橫跨,,,,A bridge goes over the river.,一座橋橫跨河面。,,,under,TRUE,返回,在...之間,樓下,向左,旁邊,橫過,TRUE,across,downstairs,after,near,left,back,,,,
word-catalog-v1,CREATE_DRAFT,,,,,under,under,preposition,A1,function-words,在……下面,在……底下,,,,The bag is under the desk.,書包在書桌底下。,,,over,TRUE,樓上,樓下,向右,在...之前,在……上面越過,低於,TRUE,below,back,upstairs,right,across,between,,,,
word-catalog-v1,CREATE_DRAFT,,,,,young,young,adjective,A1,clothing-appearance,年輕的,幼小的,,,,,,,,old,TRUE,不同的,矮,貧窮的,錯誤的,瘦的,年老的,TRUE,thin,cheap,old,false,tall,high,,,,
word-catalog-v1,CREATE_DRAFT,,,,,old,old,adjective,A1,clothing-appearance,年老的,年長的,,,,"My grandparents are old, but they are very active.",我的祖父母年紀大，但很有活力。,,,young,TRUE,高的,年輕的,深色的,淺色的,已婚的,矮,TRUE,young,short,thin,single,rich,heavy,,,,
word-catalog-v1,CREATE_DRAFT,,,,,thirsty,thirsty,adjective,A1,body-health,口渴的,渴的,,,,,,,in need of a drink,,TRUE,乾淨的,重的,身體良好的,高,肚餓的,深色的,TRUE,correct,ready,fine,beautiful,false,hungry,,,,
word-catalog-v1,CREATE_DRAFT,,,,,thin,thin,adjective,A1,clothing-appearance,瘦的,身形纖瘦的,,,,,,,,,TRUE,便宜,矮,年輕的,年老的,單身的,低,TRUE,true,poor,tall,old,married,short,,,,
word-catalog-v1,CREATE_DRAFT,,,,,tall,tall,adjective,A1,clothing-appearance,高的,高大的,,,,The tall student is standing at the back.,那位高個子的學生站在後面。,,,short,TRUE,難看的,單身的,瘦的,美麗的,年輕的,年老的,TRUE,closed,single,short,old,thin,dark,,,,
word-catalog-v1,CREATE_DRAFT,,,,,short,short,adjective,A1,clothing-appearance,矮,,,,,,,,,tall,TRUE,高,高的,瘦的,已婚的,年輕的,舊的,TRUE,ugly,old,tall,wrong,married,young,,,,
word-catalog-v1,CREATE_DRAFT,,,,,smart,smart,adjective,A1,descriptions-qualities,聰明的,機靈的,,,,,,,clever,,TRUE,便宜,肚餓的,營業中的,興奮的,高的,深色的,TRUE,hungry,sure,snowy,excited,expensive,ready,,,,
word-catalog-v1,CREATE_DRAFT,,,,,angry,angry,adjective,A1,emotions-personality,生氣的,憤怒的,,,,,,,,,TRUE,快樂,悲傷的,身體良好的,困難的,單身的,興奮的,TRUE,excited,light,fine,sad,single,happy,,,,
word-catalog-v1,CREATE_DRAFT,,,,,fine,fine,adjective,A1,body-health,身體良好的,健康狀況不錯的,,,,I feel fine after a short rest.,短暫休息後我感覺良好。,,well,,TRUE,相同的,聰明的,肚餓的,口渴的,淺色的,不同的,TRUE,same,dirty,hungry,smart,sure,thirsty,,,,
word-catalog-v1,CREATE_DRAFT,,,,,sad,sad,adjective,A1,emotions-personality,悲傷的,難過的,,,,,,,unhappy,happy,TRUE,確信的,生氣的,已婚的,興奮的,營業中的,快樂,TRUE,excited,rich,angry,thirsty,low,happy,,,,
word-catalog-v1,CREATE_DRAFT,,,,,happy,happy,adjective,A1,emotions-personality,快樂,高興,,,,,,,glad,sad,TRUE,興奮的,口渴的,昂貴的,關閉的,悲傷的,生氣的,TRUE,hungry,true,sad,ugly,excited,angry,,,,
word-catalog-v1,CREATE_DRAFT,,,,,hungry,hungry,adjective,A1,body-health,肚餓的,餓|飢餓的|飢餓,,,,,,,in need of food,,TRUE,貧窮的,正確的,真實的,便宜,身體良好的,口渴的,TRUE,expensive,fine,thirsty,wrong,closed,difficult,,,,
word-catalog-v1,CREATE_DRAFT,,,,,excited,excited,adjective,A1,emotions-personality,興奮的,激動的,,,,,,,,,TRUE,富有的,悲傷的,快樂,生氣的,輕的,已婚的,TRUE,married,happy,correct,sad,angry,expensive,,,,
word-catalog-v1,CREATE_DRAFT,,,,,ready,ready,adjective,A1,descriptions-qualities,準備好了,準備就緒,,,,,,,prepared,,TRUE,快樂,身體良好的,確信的,髒的,年輕的,正確的,TRUE,closed,short,dark,high,young,sad,,,,
